Time0,Longitude0,Latitude0,Magnitude0,Time1,Longitude1,Latitude1,Magnitude1,Time2,Longitude2,Latitude2,Magnitude2,Time3,Longitude3,Latitude3,Magnitude3,Time4,Longitude4,Latitude4,Magnitude4,Time5
1514815826.0,141.8955,38.2761,4.3,1514834523.0,121.2799,22.9136,4.2,1514861626.0,142.9983,23.1461,4.4,1514890119.0,140.0338,35.5756,4.5,1514897395.0,147.9473,44.0175,4.7,1514920821.0
1514928256.0,142.0927,37.3027,4.3,1514935047.0,140.5556,29.5079,4.5,1514982214.0,140.4409,29.6058,4.7,1514982260.0,140.3036,29.5489,4.6,1514991967.0,140.3128,29.5928,4.3,1515007771.0
1515015021.0,140.5205,29.6374,5.5,1515015169.0,140.5166,29.6113,5.1,1515029781.0,143.0351,41.9127,4.3,1515046807.0,140.1703,35.5957,4.4,1515068470.0,124.6215,45.4416,4.3,1515071723.0
1515075550.0,140.5203,29.5673,4.6,1515075667.0,140.2602,29.6604,4.6,1515117745.0,140.7786,35.8361,4.4,1515124411.0,140.5766,29.6055,4.6,1515149727.0,141.3471,35.2909,4.3,1515167654.0
1515181078.0,139.2678,34.846,4.5,1515185279.0,139.2303,34.8211,4.7,1515234961.0,142.3725,28.9538,4.7,1515246329.0,142.5355,40.7851,4.6,1515316796.0,141.2623,36.3315,4.2,1515369173.0
1515425478.0,126.6578,27.1594,4.4,1515444728.0,132.1526,33.7236,4.6,1515473004.0,141.9779,39.6986,4.4,1515520234.0,140.4155,29.5822,4.7,1515520311.0,140.0974,29.5782,4.5,1515536451.0
1515537019.0,141.199,35.3367,5.4,1515548762.0,143.0578,21.6366,5.0,1515565407.0,132.0337,30.7376,4.9,1515582070.0,131.9865,30.7213,4.4,1515582208.0,142.3851,42.5328,4.7,1515631420.0
1515645510.0,127.9214,27.9591,4.4,1515709488.0,142.9548,27.7755,4.4,1515715373.0,146.2415,20.3944,4.5,1515744648.0,140.0643,27.9786,4.1,1515748763.0,142.8973,27.7481,4.5,1515750665.0
1515761790.0,142.9868,27.7807,4.6,1515801379.0,141.8741,38.582,4.1,1515816790.0,131.9416,30.7198,4.6,1515897921.0,130.3505,26.6489,4.5,1515920852.0,143.2019,41.8465,4.9,1515952452.0
1515958913.0,123.7172,25.0774,4.7,1515959335.0,123.841,25.05,4.6,1516007158.0,129.6468,46.5637,4.5,1516048899.0,132.0594,30.5516,4.5,1516096188.0,145.5323,42.8062,4.4,1516122027.0
1516135088.0,143.203,41.7925,4.1,1516168751.0,121.7264,25.0495,4.5,1516193786.0,122.0377,20.7734,4.0,1516235548.0,149.826,44.9322,4.3,1516240261.0,141.8255,27.4612,5.0,1516252450.0
1516358507.0,140.801,29.3616,4.2,1516363201.0,146.3326,43.654,4.9,1516427492.0,149.2,44.5925,5.0,1516481229.0,148.7212,44.3031,4.2,1516506156.0,139.8931,28.8901,4.1,1516728725.0
1516737293.0,141.7628,38.1475,4.3,1516763682.0,140.7927,26.4351,4.7,1516773014.0,142.0818,23.6562,4.5,1516774543.0,132.7856,43.4536,4.3,1516791079.0,142.4323,41.1034,6.3,1516802136.0
1516887292.0,142.4448,41.0222,4.2,1516984290.0,121.081,23.0468,4.5,1516990259.0,141.6869,38.2447,4.4,1516998282.0,140.3151,32.6119,4.2,1517082210.0,142.319,40.1907,4.8,1517132963.0
1517170903.0,142.8643,40.6007,4.4,1517198399.0,142.3731,41.022,4.8,1517269338.0,142.2391,41.161,4.2,1517271958.0,141.8381,38.4617,4.4,1517281649.0,149.2329,44.5235,4.5,1517284254.0
1517343108.0,142.5396,42.0079,4.7,1517361324.0,141.0725,36.3073,4.8,1517402757.0,131.7693,30.7809,4.3,1517404925.0,122.2869,24.9196,4.0,1517467691.0,129.4025,28.0979,4.4,1517499473.0
1517524901.0,142.7207,41.1003,4.2,1517583131.0,142.1203,39.2944,4.3,1517596943.0,134.2941,38.1923,4.0,1517666729.0,143.0571,21.4834,4.0,1517686256.0,121.7152,24.1577,4.8,1517749971.0
1517751188.0,121.7188,24.1244,4.3,1517752601.0,121.7078,24.1572,6.1,1517753124.0,121.8778,24.1537,4.7,1517753451.0,121.7574,24.1393,4.9,1517753521.0,121.8219,24.1798,4.7,1517753592.0
1517753814.0,121.7461,24.0953,4.8,1517758426.0,121.7835,24.182,4.6,1517763262.0,121.8397,24.1707,4.5,1517821604.0,121.7755,24.1311,4.7,1517846321.0,121.7522,24.1071,4.8,1517852232.0
1517864183.0,140.1995,26.9834,5.4,1517877310.0,121.7189,24.1136,3.9,1517884457.0,128.4904,26.0563,4.6,1517886374.0,129.4155,26.8275,4.8,1517893754.0,121.7052,24.1693,4.8,1517906209.0
1517925429.0,140.862,36.7494,4.2,1517932243.0,121.6586,24.1338,6.4,1517932760.0,121.619,24.1032,4.4,1517933877.0,121.6571,23.9222,5.1,1517934404.0,121.6674,23.9479,4.5,1517940012.0
1517940458.0,121.7745,24.0463,5.2,1517944529.0,121.7557,23.9922,5.4,1517945795.0,121.7782,23.9428,4.9,1517950582.0,121.7487,24.0501,4.7,1517950969.0,121.6245,23.9423,4.2,1517957030.0
1517958703.0,121.7165,24.0484,4.8,1517959448.0,121.6022,23.9624,4.6,1517960631.0,121.6757,23.9887,4.7,1517969882.0,121.7349,24.0456,4.8,1517974578.0,121.75,24.0477,4.8,1517981954.0
1517987492.0,129.5448,26.2455,4.4,1517998786.0,121.7602,24.1559,4.1,1518001986.0,121.7285,23.9579,4.8,1518008801.0,121.7812,24.0304,4.8,1518013160.0,121.7443,23.9436,4.6,1518016891.0
1518018964.0,121.8411,24.113,4.4,1518024806.0,144.1878,41.4786,4.6,1518051256.0,121.6705,23.9027,4.8,1518051568.0,121.5947,23.9445,4.5,1518053632.0,146.8038,42.6717,4.5,1518059163.0
1518100461.0,139.2474,36.0018,4.5,1518122222.0,128.512,25.9376,4.2,1518142441.0,121.6602,23.9208,4.7,1518168180.0,136.1704,34.0619,4.1,1518187119.0,139.2425,34.7398,4.2,1518201789.0
1518208899.0,142.431,29.2059,4.4,1518248929.0,121.8575,24.1781,4.2,1518262486.0,122.5497,23.9255,4.3,1518290055.0,140.8446,36.4219,4.4,1518292983.0,129.2983,36.0763,4.7,1518299628.0
1518334262.0,140.4019,32.3277,4.8,1518334747.0,121.6227,23.8539,4.5,1518360571.0,145.6963,42.8508,4.5,1518460593.0,141.4783,37.1763,4.3,1518465915.0,144.6161,38.7344,4.5,1518476477.0
1518528308.0,138.2442,31.092,4.5,1518609667.0,130.3348,30.7774,4.3,1518632851.0,121.8625,24.0832,4.6,1518789475.0,138.2059,43.9076,4.4,1518799596.0,140.1304,33.0003,4.5,1518817126.0
1518839409.0,142.4276,41.9088,4.4,1518858394.0,121.4132,22.5681,4.3,1518948101.0,140.1271,37.1425,4.5,1518955884.0,149.1061,44.4367,4.4,1518968157.0,141.4714,41.8851,4.2,1518978696.0
1519015251.0,142.7464,42.0374,4.2,1519019991.0,144.4383,22.6293,4.6,1519033734.0,141.5195,36.725,4.4,1519051621.0,121.6247,24.578,5.0,1519114853.0,142.6645,28.872,4.5,1519204196.0
1519254640.0,121.5882,23.4342,5.0,1519294699.0,140.8732,33.154,4.3,1519405321.0,126.0344,23.4944,4.2,1519440232.0,141.3009,37.3421,4.6,1519450589.0,127.7271,24.4435,4.4,1519461342.0
1519491570.0,125.6567,23.158,4.9,1519564422.0,141.9696,23.9286,4.3,1519576119.0,141.7329,37.5968,5.6,1519580245.0,141.8959,37.5267,4.4,1519583319.0,122.0403,24.4411,5.1,1519599805.0
1519634679.0,142.4847,36.683,4.4,1519660018.0,146.4292,20.2239,4.7,1519686480.0,140.1581,36.2667,4.3,1519772252.0,141.669,37.6542,4.6,1519811098.0,144.5675,38.2102,4.6,1519896885.0
1519911745.0,123.7672,24.2648,5.2,1519913501.0,123.6462,24.3042,4.7,1519928375.0,143.5823,42.4524,4.2,1519962147.0,122.9341,24.2901,5.0,1519985469.0,130.466,29.1793,4.5,1520030167.0
1520058877.0,148.2279,43.9483,4.3,1520098551.0,121.6968,24.2111,4.6,1520145140.0,121.788,21.9608,4.4,1520193172.0,147.7711,45.0674,5.4,1520196463.0,142.1296,29.7665,4.6,1520204661.0
1520231490.0,140.1719,35.5689,4.4,1520247604.0,142.1344,29.8056,4.9,1520267204.0,136.1059,36.4655,4.3,1520288384.0,142.3878,29.7601,4.6,1520289450.0,141.9978,29.7715,4.7,1520297494.0
1520329329.0,121.8875,24.6748,4.4,1520335132.0,149.969,46.5009,4.1,1520338746.0,127.805,26.658,4.6,1520354192.0,143.1774,21.619,4.0,1520488718.0,142.2269,29.3372,5.2,1520491490.0
1520586951.0,141.2932,41.1296,4.8,1520622780.0,144.3523,21.3002,4.3,1520624486.0,142.3857,32.04,4.4,1520751311.0,130.0455,28.6786,4.7,1520766703.0,149.1115,44.7709,4.5,1520836805.0
1520850086.0,128.3834,27.1435,4.9,1520884786.0,142.9696,21.9435,4.6,1520921453.0,123.7182,24.2966,4.5,1520923591.0,140.8646,35.6791,4.9,1521024523.0,121.8434,24.1201,4.4,1521060055.0
1521285724.0,142.583,29.7621,4.4,1521336403.0,144.6415,42.2881,3.9,1521343220.0,121.1066,20.0906,4.5,1521345545.0,140.1543,35.5325,4.4,1521345589.0,141.6769,36.2877,4.4,1521391812.0
1521427510.0,141.092,35.2872,4.9,1521487055.0,149.7175,44.7115,4.2,1521537776.0,120.5764,23.2711,4.9,1521540472.0,138.8923,32.7353,4.0,1521557293.0,142.9836,23.0426,4.4,1521584778.0
1521616027.0,144.0492,39.0663,4.3,1521649134.0,141.1711,29.538,4.4,1521674106.0,141.4544,42.2748,4.5,1521688998.0,125.7219,23.4113,4.6,1521754340.0,142.1143,38.8556,4.8,1521801291.0
1521807392.0,142.4863,30.0307,4.9,1521831543.0,130.0143,28.8739,4.1,1521831766.0,139.4182,43.0836,4.9,1521836918.0,125.3041,23.8435,4.9,1521852742.0,120.8159,20.5118,4.4,1521862090.0
1521917894.0,120.7377,20.5889,4.8,1521931745.0,144.9285,42.1562,4.3,1521945759.0,140.2891,27.2991,4.0,1521988643.0,140.6901,32.5916,5.7,1521992184.0,140.6485,32.5225,5.0,1522057475.0
1522132752.0,143.1239,23.6807,5.2,1522167661.0,142.541,42.2357,4.0,1522168574.0,137.8616,32.9904,4.3,1522226936.0,144.8138,42.2632,4.3,1522232997.0,122.1133,24.6526,4.4,1522249120.0
1522282670.0,121.0553,24.0214,4.8,1522332359.0,142.337,41.9114,4.4,1522338073.0,145.6973,43.133,4.3,1522365453.0,140.7736,36.4375,5.0,1522395041.0,130.634,29.3907,4.4,1522482396.0
1522483530.0,140.5814,36.5923,3.4,1522598524.0,120.8838,23.8045,4.4,1522644044.0,140.975,31.6612,4.6,1522675431.0,142.6186,42.0716,4.3,1522687204.0,128.9072,26.3308,4.3,1522693183.0
1522696221.0,131.1771,30.0222,4.8,1522699136.0,131.1891,29.9493,4.6,1522701824.0,142.0858,26.7925,4.3,1522737901.0,142.1438,26.6513,4.4,1522746568.0,126.8807,27.5464,4.5,1522757170.0
1522769856.0,126.9905,27.4167,4.5,1522827423.0,141.7787,37.3857,4.5,1522904959.0,149.2021,44.0949,4.0,1522952371.0,142.8111,27.2439,4.4,1523034698.0,143.1684,29.9638,4.9,1523056962.0
1523152900.0,146.3629,43.8434,4.3,1523205151.0,132.5528,35.2588,5.7,1523205834.0,132.4912,35.073,4.4,1523206606.0,132.5019,35.1347,4.7,1523207456.0,132.4956,35.1024,4.6,1523217943.0
1523298580.0,148.2967,43.9839,4.3,1523304562.0,131.3314,31.115,4.5,1523306633.0,144.0954,22.9953,4.4,1523309116.0,140.0115,41.0298,4.0,1523354006.0,142.3186,32.7803,4.5,1523370281.0
1523390700.0,139.3824,29.1011,4.2,1523418494.0,137.664,30.5021,4.2,1523432369.0,121.6459,22.8145,4.6,1523471466.0,141.6775,38.2921,4.6,1523473753.0,141.8201,38.2554,4.0,1523476255.0
1523487738.0,141.4601,37.5215,4.3,1523490929.0,142.3841,37.0864,4.3,1523519813.0,139.5377,43.6748,5.3,1523525922.0,143.0323,22.3682,4.7,1523533020.0,143.1615,39.4384,4.8,1523540259.0
1523591152.0,143.2679,39.8205,4.7,1523646000.0,145.8728,43.1867,5.2,1523653053.0,142.6862,25.5686,4.5,1523686408.0,137.1366,34.8484,4.5,1523729251.0,148.1026,44.5751,4.3,1523751044.0
1523804983.0,143.1655,39.4155,4.3,1523821910.0,140.2926,33.1543,4.2,1523886538.0,121.4094,23.0297,4.6,1523902141.0,139.106,32.7926,4.9,1523978509.0,143.276,21.6362,4.0,1523984055.0
1523995349.0,120.4546,23.426,3.5,1524051973.0,143.6576,39.7368,4.7,1524064156.0,139.3075,29.1649,4.1,1524113876.0,142.3558,38.7575,4.6,1524137905.0,142.4739,40.1954,4.9,1524143810.0
1524201906.0,122.4365,24.3699,4.3,1524221150.0,144.7041,42.6356,4.5,1524251454.0,142.3589,43.2412,4.1,1524253678.0,142.5713,26.8512,4.8,1524304038.0,141.0884,35.5014,5.1,1524308214.0
1524330115.0,141.5756,26.4634,5.0,1524362860.0,145.0467,20.8068,4.6,1524383789.0,140.8528,34.6321,4.3,1524430174.0,139.1043,34.1319,4.6,1524490849.0,143.074,41.9038,4.3,1524503430.0
1524560001.0,145.7259,43.3482,5.5,1524595335.0,140.1161,27.3187,4.3,1524663981.0,146.9715,48.1773,4.8,1524782666.0,141.5661,25.6359,4.4,1524808553.0,121.0548,22.4437,4.5,1524835226.0
1524844742.0,123.7417,24.2894,4.2,1524881544.0,141.6971,38.4281,4.2,1524889634.0,132.1058,31.7679,4.5,1524906924.0,148.0946,44.7718,4.6,1524971378.0,141.9928,39.3218,4.3,1524985356.0
1525065321.0,140.7746,32.7682,4.4,1525074510.0,138.7345,29.7407,4.1,1525105530.0,129.9332,30.0362,4.3,1525122722.0,145.567,21.4448,4.5,1525165539.0,138.5606,29.4215,4.0,1525193249.0
1525218424.0,122.3081,24.0443,5.1,1525222519.0,138.1112,33.2049,4.2,1525367229.0,140.2558,35.6104,4.5,1525367862.0,140.1323,35.6198,4.4,1525434054.0,140.5916,36.8456,3.9,1525492767.0
1525502614.0,141.2053,37.1582,4.5,1525514187.0,127.769,24.6578,4.1,1525531600.0,140.0873,35.9695,4.2,1525558548.0,140.5551,40.1271,4.5,1525572321.0,128.7629,28.4902,4.6,1525586639.0
1525608801.0,130.629,32.8295,4.4,1525636848.0,141.0775,39.6737,5.1,1525681059.0,129.0466,28.6786,4.4,1525751196.0,149.9002,44.8781,4.4,1525928053.0,142.8862,39.1008,4.3,1525928635.0
1525949833.0,141.6406,37.8161,4.8,1525978983.0,142.1425,29.7665,4.5,1525995299.0,128.2367,26.7001,4.5,1526013650.0,128.1943,27.8913,4.5,1526040477.0,125.1462,23.9972,4.7,1526075529.0
1526088569.0,137.9022,36.643,5.1,1526096914.0,144.3008,42.5367,4.5,1526098666.0,121.6949,23.8106,4.5,1526143777.0,141.9287,38.4847,5.0,1526186649.0,142.1584,29.7061,4.3,1526220227.0
1526252046.0,143.6295,27.0795,4.5,1526282574.0,142.1181,38.3496,4.4,1526293879.0,142.6787,40.0942,5.0,1526337994.0,142.0381,39.6827,4.1,1526360441.0,138.9888,35.5025,4.5,1526410043.0
1526508007.0,128.1873,28.3377,4.6,1526526752.0,140.7193,35.6584,5.3,1526542923.0,147.3372,44.9439,4.3,1526582533.0,145.586,42.6846,5.7,1526699346.0,122.3219,24.8485,4.4,1526819036.0
1526881504.0,142.2391,31.1873,4.3,1526993738.0,140.8261,35.6324,4.7,1527019862.0,140.3652,41.2337,4.6,1527032062.0,125.1028,23.3073,4.0,1527092753.0,130.4797,33.2047,3.7,1527160336.0
1527189309.0,126.5833,25.5048,4.5,1527203046.0,147.4182,47.5461,4.0,1527242806.0,127.3475,26.4017,4.6,1527250422.0,138.6062,36.9333,4.9,1527275385.0,130.1042,27.5625,4.6,1527285728.0
1527309204.0,148.1155,44.4873,4.3,1527325713.0,138.6906,30.0155,4.1,1527343294.0,141.7377,37.8709,4.7,1527350600.0,143.965,22.2105,4.5,1527391335.0,142.217,39.0671,4.3,1527443452.0
1527454839.0,148.1736,44.4485,4.4,1527461284.0,142.0546,28.483,4.6,1527522424.0,141.869,38.3019,4.6,1527556687.0,147.1476,43.898,4.3,1527571504.0,138.0832,33.1489,4.1,1527572921.0
1527595286.0,141.3093,36.2643,4.5,1527614499.0,142.4575,28.9869,4.6,1527670531.0,126.1024,24.0073,4.4,1527713190.0,141.2644,24.8803,4.3,1527714926.0,144.1293,42.7239,4.4,1527728598.0
1527751677.0,149.9925,45.2293,4.5,1527857805.0,137.862,32.5095,4.0,1527875005.0,121.5262,23.9454,4.1,1527900152.0,143.4797,21.8903,4.4,1527904871.0,121.0674,23.8541,4.2,1527932889.0
1527935137.0,148.1681,43.8343,4.6,1527960058.0,140.2868,35.5395,4.5,1527968038.0,139.7217,27.602,4.9,1527992367.0,141.7798,29.9426,4.5,1528004404.0,141.7928,33.9462,4.4,1528088061.0
1528128379.0,142.1138,36.5547,4.6,1528198683.0,140.1129,27.3126,4.2,1528246098.0,143.7414,26.9791,4.4,1528319948.0,121.4818,22.145,4.3,1528351121.0,140.2276,35.7961,4.5,1528356256.0
1528373883.0,140.8425,35.7724,4.6,1528403102.0,131.3867,33.0072,4.2,1528416214.0,124.9867,26.7971,4.2,1528425399.0,138.4774,31.4009,4.1,1528477777.0,144.0964,22.9588,4.3,1528480719.0
1528552247.0,138.5732,35.2969,3.3,1528580750.0,145.9304,43.8243,4.7,1528618700.0,120.5403,23.5911,3.1,1528642519.0,143.3872,27.2865,5.0,1528643472.0,141.7486,26.9913,4.4,1528644340.0
1528731726.0,121.7186,24.0004,4.5,1528746861.0,131.3679,31.295,5.4,1528747001.0,131.6286,31.3566,4.8,1528747745.0,140.5461,35.1148,4.9,1528750348.0,121.7954,23.9284,4.7,1528766802.0
1528807076.0,145.2129,42.5704,4.6,1528837055.0,122.3051,23.9741,4.3,1528855120.0,122.3588,23.9102,4.3,1528856175.0,121.0822,21.2419,4.5,1528861492.0,140.954,30.078,4.7,1528914880.0
1528918107.0,149.7623,44.8838,4.3,1528928072.0,140.1624,35.5812,4.5,1528983680.0,122.1276,20.4975,4.3,1529096034.0,121.8778,24.6392,4.7,1529114950.0,140.4852,35.2647,4.7,1529115753.0
1529201865.0,141.2761,27.6963,4.4,1529216114.0,142.1832,39.0132,4.0,1529216842.0,139.1346,36.5135,4.6,1529250222.0,142.1016,38.7988,4.5,1529271370.0,145.2894,42.746,4.7,1529276314.0
1529299357.0,121.3288,20.194,4.9,1529334375.0,122.6105,24.8345,4.4,1529335884.0,135.61,34.788,4.6,1529362320.0,135.6468,34.7705,3.7,1529370477.0,147.1713,43.5111,4.4,1529412389.0
1529422171.0,145.114,41.2924,4.6,1529522336.0,122.2701,24.0287,4.7,1529564009.0,140.1556,35.0883,4.2,1529631302.0,141.91,24.5875,4.4,1529632022.0,138.8838,34.5649,4.4,1529762926.0
1529784295.0,135.1177,37.3503,4.3,1529817377.0,144.3419,21.6559,4.5,1529846288.0,147.497,43.6068,4.6,1529888901.0,130.4531,29.0425,4.6,1529903628.0,146.5302,47.7846,4.0,1529953651.0
1529992720.0,130.4848,29.1628,4.8,1530000014.0,132.816,34.8713,4.6,1530000271.0,143.3508,42.1489,4.4,1530009983.0,140.3254,35.3079,4.3,1530010985.0,142.1222,39.336,4.8,1530029727.0
1530040599.0,140.4664,35.2724,4.3,1530048215.0,122.2793,24.1297,4.2,1530072865.0,125.4443,25.3472,4.4,1530100067.0,130.5105,31.7871,4.2,1530113200.0,121.2347,22.9972,4.3,1530122287.0
1530159816.0,140.75,33.4273,4.4,1530189403.0,142.8046,41.8664,4.2,1530248725.0,140.2975,34.9902,4.6,1530352740.0,143.2885,22.2269,4.1,1530397437.0,145.2034,22.6402,4.2,1530411721.0
1530452324.0,142.0725,40.4618,4.2,1530466021.0,142.0835,41.5109,4.9,1530477942.0,144.9542,46.9633,5.6,1530491931.0,142.266,29.904,4.6,1530516369.0,120.4089,23.4532,4.2,1530532025.0
1530532401.0,142.7104,41.2557,5.2,1530538754.0,137.1768,33.7751,4.4,1530565086.0,139.411,29.1115,3.9,1530609657.0,120.923,23.2476,4.6,1530613629.0,126.3859,23.5722,4.0,1530617928.0
1530624837.0,141.1952,36.3051,4.4,1530648616.0,121.2835,23.0643,4.1,1530669240.0,139.0841,29.9588,4.0,1530702251.0,136.0429,33.0354,4.4,1530748456.0,140.0685,35.5611,4.4,1530769235.0
1530780208.0,142.5905,42.0634,4.1,1530825371.0,141.3128,29.3529,4.5,1530853920.0,144.3131,22.9306,4.6,1530867959.0,140.2168,27.1269,4.0,1530942136.0,146.3401,48.3412,4.6,1530962630.0
1530972737.0,142.0035,27.8968,4.6,1531032340.0,135.563,34.9634,3.8,1531042716.0,143.2116,42.8463,4.0,1531065634.0,140.7261,35.1702,4.5,1531075986.0,130.1726,33.1756,4.4,1531084022.0
1531105968.0,143.5104,23.1803,4.6,1531144477.0,140.7474,35.1859,4.4,1531198556.0,142.0908,41.563,4.9,1531200224.0,141.6769,36.2766,4.9,1531201621.0,141.669,36.2748,4.5,1531222363.0
1531231102.0,120.9948,23.1309,4.3,1531301935.0,145.2018,46.6641,4.0,1531312911.0,120.3368,23.1112,4.3,1531329222.0,142.8318,40.9248,4.2,1531341852.0,142.8775,23.3112,4.5,1531343136.0
1531350085.0,143.4563,39.9765,4.3,1531354303.0,137.792,31.9962,4.2,1531355881.0,143.8291,23.5443,5.0,1531357596.0,142.835,26.9673,4.4,1531359283.0,143.7539,23.6109,4.4,1531364964.0
1531370786.0,142.3259,40.2992,4.4,1531384763.0,142.2318,38.2054,4.7,1531400455.0,120.5041,23.4377,2.7,1531468743.0,142.2836,36.1357,4.4,1531469976.0,129.0367,32.0106,4.5,1531507120.0
1531514555.0,121.2585,22.9981,3.4,1531519401.0,126.3499,24.0126,4.6,1531521873.0,144.387,21.5878,4.4,1531535777.0,143.6338,23.447,4.6,1531559632.0,141.9173,38.8981,4.2,1531674819.0
1531709517.0,141.1784,35.4722,4.7,1531755349.0,140.5362,27.2061,4.2,1531769651.0,140.7671,36.4291,4.9,1531770172.0,140.781,36.4826,4.5,1531798063.0,147.3487,43.576,4.5,1531852960.0
1531889191.0,142.6386,29.0977,4.3,1531899891.0,141.5061,35.7832,4.6,1531910122.0,121.3094,20.2758,4.4,1531951453.0,137.4529,44.999,4.4,1531992640.0,146.1277,20.308,4.2,1532001126.0
1532050755.0,121.6745,20.7069,4.9,1532083661.0,147.1325,43.2092,4.3,1532093364.0,141.8582,38.1902,4.2,1532158925.0,142.3248,23.1889,4.2,1532331937.0,121.1407,21.8255,4.1,1532344297.0
1532381864.0,148.1899,45.1211,5.1,1532441264.0,128.5219,25.931,4.5,1532471488.0,130.8623,32.722,4.4,1532492430.0,130.4836,25.3772,5.3,1532492791.0,130.1038,25.6566,4.4,1532540766.0
1532605559.0,141.6557,24.277,4.3,1532654726.0,128.847,26.2655,4.6,1532667249.0,148.0191,45.3744,4.9,1532672691.0,141.7884,39.7907,4.3,1532714274.0,140.8742,35.0849,4.4,1532733707.0
1532739007.0,141.752,30.6506,4.9,1532743672.0,125.0816,24.333,4.4,1532778312.0,128.9401,26.2852,4.4,1532802146.0,141.0532,25.6587,4.2,1532814595.0,142.417,41.8796,4.2,1532825928.0
1532845281.0,139.8784,36.0436,3.2,1532879004.0,141.7503,36.6036,4.4,1532889071.0,149.9635,47.0081,4.3,1532928668.0,143.0939,21.5049,4.3,1532986674.0,121.6097,20.7394,4.4,1533026540.0
1533027474.0,145.631,20.1077,4.5,1533028821.0,148.1877,44.5287,4.5,1533082663.0,141.9212,36.814,4.2,1533096111.0,140.9745,36.9814,4.4,1533199923.0,146.1234,46.4407,4.5,1533217098.0
1533260510.0,149.1338,44.3454,4.8,1533299445.0,141.2201,35.4993,4.2,1533301623.0,137.1884,30.3775,4.6,1533417360.0,141.3142,25.5585,4.4,1533442171.0,121.0452,22.1387,4.1,1533454896.0
1533458657.0,141.9919,41.5086,4.6,1533504622.0,122.6741,24.5898,3.9,1533509408.0,143.4144,40.2263,4.7,1533511337.0,120.1467,20.5929,4.6,1533512549.0,123.581,25.0072,4.2,1533528132.0
1533552965.0,141.1921,35.5093,4.7,1533586254.0,140.2869,35.503,4.6,1533613162.0,149.37,44.278,4.5,1533632464.0,149.3251,44.4341,4.4,1533633390.0,149.6129,44.1666,4.2,1533654777.0
1533674389.0,128.634,26.0741,4.3,1533703574.0,148.281,43.9438,4.3,1533703696.0,149.7362,44.2879,4.6,1533711495.0,149.2334,44.622,4.5,1533716760.0,149.3738,44.2656,4.8,1533719239.0
1533723827.0,149.1136,44.716,4.1,1533727158.0,149.3799,44.1651,4.9,1533734327.0,149.7683,43.9465,4.2,1533734821.0,149.2742,44.3262,4.9,1533758390.0,149.7398,43.8294,4.2,1533780193.0
1533782725.0,149.2977,44.2631,4.5,1533784075.0,142.5383,29.2356,4.5,1533801691.0,120.0664,20.921,5.0,1533802959.0,143.8295,36.945,4.3,1533824059.0,146.9994,43.1454,5.0,1533836843.0
1533866806.0,145.2013,40.0991,4.3,1533902170.0,143.1212,25.6093,4.4,1533903501.0,138.4392,34.9277,4.1,1533935477.0,141.1065,37.2213,4.7,1533954258.0,121.6028,22.1336,4.2,1533964714.0
1534069312.0,147.285,44.028,4.4,1534088011.0,142.7105,41.9949,4.5,1534117871.0,142.5981,44.2285,4.3,1534177156.0,125.2304,25.7988,5.1,1534187341.0,142.686,30.5992,4.6,1534192563.0
1534217750.0,140.5067,35.1535,4.5,1534238558.0,130.4679,25.415,4.7,1534247461.0,137.4787,34.7762,4.6,1534256766.0,139.6041,28.1668,4.1,1534303173.0,141.4525,26.6678,4.2,1534353796.0
1534391578.0,149.4734,44.2389,4.9,1534406437.0,146.9669,43.2145,4.2,1534416251.0,141.9093,38.7083,4.3,1534429360.0,147.8118,49.1368,4.4,1534443690.0,143.3952,23.3524,5.8,1534443773.0
1534445347.0,144.0087,23.4422,4.9,1534446480.0,143.3306,23.2993,4.4,1534449854.0,143.654,23.4342,4.3,1534455240.0,144.0443,23.3661,4.1,1534457492.0,143.8892,23.4643,4.3,1534464418.0
1534475464.0,143.999,23.4619,4.6,1534499667.0,143.4253,23.4767,4.5,1534500580.0,120.9552,24.0589,4.5,1534500927.0,143.7239,23.2887,4.7,1534501143.0,143.1367,23.1211,4.2,1534508635.0
1534517845.0,143.5053,23.5329,4.6,1534523008.0,143.8323,23.3687,4.5,1534529732.0,143.5678,23.5299,4.7,1534533422.0,145.1268,23.7613,4.3,1534534971.0,143.4675,23.4128,4.6,1534543617.0
1534543937.0,143.3447,23.3519,4.9,1534545887.0,143.4377,23.4848,5.0,1534546102.0,143.3608,23.4643,4.8,1534546353.0,143.7953,23.4694,4.2,1534548163.0,143.5396,23.4235,4.2,1534551317.0
1534566448.0,146.8437,47.6183,4.0,1534568313.0,143.4794,23.3145,4.5,1534577311.0,143.4384,23.4617,5.3,1534577902.0,142.7029,23.4179,4.3,1534583281.0,142.8963,23.5316,4.4,1534610513.0
1534628959.0,144.3806,23.5574,4.4,1534644029.0,144.2457,44.6762,4.5,1534651544.0,143.3636,23.573,5.2,1534651875.0,143.3625,23.6396,4.7,1534658178.0,143.4547,23.377,4.3,1534658940.0
1534667589.0,144.1136,23.7602,4.2,1534669515.0,143.5027,23.4929,4.7,1534683624.0,141.4702,25.5288,4.8,1534684203.0,143.4734,23.5288,4.4,1534702196.0,141.1332,38.5316,4.5,1534748462.0
1534755305.0,143.4975,23.5611,4.6,1534761955.0,123.5184,24.2549,4.4,1534787227.0,139.9525,35.9798,4.5,1534787739.0,144.2672,23.2954,4.3,1534819207.0,141.5961,37.3821,4.4,1534837560.0
1534850856.0,141.9639,25.2181,4.5,1534860107.0,140.0975,35.0751,4.4,1534929819.0,130.6459,32.7493,4.5,1534942929.0,138.1347,42.3593,4.2,1534950387.0,142.5438,41.4025,5.0,1534969815.0
1534970775.0,144.0696,23.6691,4.5,1535022788.0,143.9797,23.0789,5.0,1535057565.0,142.0799,41.5593,4.1,1535061369.0,147.0506,45.8588,4.1,1535076203.0,144.4766,37.7816,4.5,1535081265.0
1535082452.0,141.6628,37.8089,4.1,1535120155.0,142.6273,41.1252,5.3,1535146230.0,142.0316,40.558,4.6,1535155035.0,127.3092,24.3515,4.7,1535193104.0,139.743,27.8488,4.4,1535221537.0
1535223407.0,149.6081,44.228,4.5,1535262579.0,149.663,44.1046,4.6,1535263032.0,149.5591,44.2437,5.2,1535264604.0,149.7242,44.1254,4.6,1535266906.0,149.5965,44.0968,4.1,1535267531.0
1535270375.0,149.6345,44.1767,4.6,1535271884.0,149.44,44.3634,4.2,1535272707.0,149.6472,44.0472,4.5,1535275679.0,149.6934,44.0965,4.4,1535276367.0,149.8689,43.6929,4.2,1535301903.0
1535325041.0,149.4877,44.1905,4.7,1535400070.0,140.3829,27.3113,4.4,1535421495.0,149.7441,44.0629,4.6,1535461604.0,140.3195,26.356,4.0,1535494938.0,141.6753,29.463,4.4,1535495760.0
1535520617.0,140.1016,35.9737,3.8,1535566698.0,144.182,22.9199,4.5,1535568670.0,140.1062,36.053,4.4,1535577328.0,144.6647,23.0193,4.5,1535599974.0,141.5749,25.5728,4.5,1535618517.0
1535630423.0,148.0502,44.6235,4.3,1535643496.0,143.1512,40.9248,4.5,1535684185.0,149.9329,43.8089,4.5,1535695350.0,144.455,36.9765,4.5,1535712835.0,145.0174,20.4312,4.2,1535786674.0
1535809054.0,141.2251,36.0507,4.5,1535816580.0,139.9127,27.9555,5.6,1535827433.0,130.9673,29.4436,4.7,1535857126.0,130.5179,29.1934,4.5,1535871066.0,126.7623,27.1405,4.0,1535874219.0
1535924870.0,131.3736,34.5324,4.5,1535954387.0,121.5803,24.0431,4.5,1535975256.0,144.0464,22.8244,4.6,1536069874.0,139.8442,27.7264,4.3,1536076486.0,140.2968,34.6052,4.2,1536090782.0
1536091879.0,141.392,36.4802,5.4,1536110809.0,146.2066,43.3596,4.6,1536170879.0,141.9294,42.6861,6.6,1536171430.0,142.001,42.6389,5.3,1536171611.0,142.0468,42.59,5.2,1536171828.0
1536171935.0,141.9026,42.6446,4.4,1536172371.0,142.1164,42.7504,4.6,1536173786.0,141.9049,42.679,4.3,1536174647.0,141.9663,42.7136,4.8,1536178847.0,141.9809,42.553,4.3,1536181472.0
1536181599.0,142.0023,42.6593,4.3,1536181888.0,142.0003,42.6827,5.3,1536183131.0,141.9206,42.5968,4.3,1536183152.0,142.0828,42.7449,4.5,1536184403.0,141.9989,42.6312,4.4,1536184653.0
1536185299.0,141.9468,42.6739,4.3,1536187552.0,141.934,42.8126,4.3,1536190950.0,141.9882,42.5672,4.4,1536193016.0,141.9861,42.7093,4.4,1536210239.0,141.9937,42.5891,4.4,1536212386.0
1536220405.0,142.0563,42.6451,4.4,1536245028.0,142.0853,42.7233,4.5,1536251539.0,135.392,36.7751,4.2,1536263293.0,141.9876,42.5675,4.4,1536271806.0,141.9526,42.6323,4.1,1536294325.0
1536308598.0,136.6853,34.1413,4.0,1536327826.0,141.9855,42.7949,4.6,1536389439.0,121.7148,24.2739,4.5,1536398467.0,141.9118,42.7365,4.4,1536402997.0,141.149,29.7361,4.6,1536423357.0
1536453736.0,142.2818,29.8659,4.7,1536464566.0,142.0214,42.6464,4.0,1536493074.0,141.0916,39.022,4.4,1536498994.0,121.6433,23.8852,4.4,1536501311.0,141.9702,42.785,4.7,1536511064.0
1536591519.0,140.2387,34.9969,4.6,1536607649.0,141.0925,37.796,4.3,1536609525.0,141.9843,42.6802,4.6,1536638091.0,141.9971,42.7117,4.3,1536641006.0,121.5416,23.8406,4.1,1536660453.0
1536668097.0,130.2796,30.4666,4.6,1536672052.0,132.1629,39.6445,4.5,1536672358.0,142.3943,41.2526,4.9,1536675497.0,131.0138,30.3898,4.6,1536678529.0,131.0237,30.4041,4.8,1536700815.0
1536713125.0,123.6824,24.1454,4.6,1536744291.0,141.9471,42.6901,4.4,1536753412.0,120.981,20.2154,4.3,1536770039.0,142.0047,42.634,4.5,1536818789.0,141.9709,42.6855,4.3,1536875662.0
1536886113.0,141.942,42.862,4.4,1536890047.0,141.0001,37.1278,4.4,1536903324.0,140.6565,36.8176,4.6,1536903942.0,140.624,36.803,4.3,1536913609.0,140.7036,36.7863,4.4,1536913901.0
1536915348.0,147.2398,43.7278,4.1,1536970101.0,129.6429,26.7302,5.7,1536973993.0,124.6564,45.292,4.4,1536975715.0,129.6128,26.7059,4.6,1536975768.0,129.6,26.7243,4.4,1536976109.0
1536978964.0,136.6997,34.6337,4.0,1536980299.0,149.2402,44.408,4.5,1536983476.0,129.5944,26.6719,4.6,1536984789.0,129.6146,26.6407,4.4,1536984875.0,129.6547,26.6969,4.9,1536986419.0
1536987167.0,129.6998,26.6176,4.9,1536987278.0,129.6362,26.6796,4.9,1536988040.0,129.5875,26.707,4.6,1536988064.0,129.8862,26.5723,4.8,1536989918.0,129.6812,26.774,4.7,1536996420.0
1536996770.0,129.6099,26.7446,4.4,1536998712.0,129.4978,26.7366,5.1,1536998729.0,129.6017,26.6827,5.7,1536999090.0,129.6883,26.6318,4.7,1536999558.0,129.5737,26.6092,4.9,1536999962.0
1537000341.0,129.5599,26.5998,5.0,1537000731.0,129.5559,26.6666,4.6,1537004858.0,129.5925,26.6589,4.1,1537004919.0,129.288,26.695,4.2,1537005911.0,129.5576,26.7233,4.3,1537018442.0
1537019618.0,129.7372,26.7462,4.9,1537020541.0,129.8195,26.6617,4.7,1537025879.0,129.6387,26.6904,5.2,1537028674.0,129.5279,26.5742,5.6,1537029201.0,129.5875,26.4878,4.6,1537029974.0
1537036475.0,129.5933,26.7178,4.6,1537036747.0,141.2864,35.3801,4.5,1537041262.0,129.5427,26.5939,4.4,1537066236.0,143.6683,42.5732,4.4,1537095157.0,129.5769,26.7024,4.8,1537106319.0
1537119357.0,129.6809,26.655,4.5,1537120289.0,141.8707,42.6789,4.8,1537143665.0,137.7938,37.1999,4.1,1537151186.0,129.7067,26.7196,4.4,1537151529.0,129.7013,26.7095,5.0,1537214897.0
1537251954.0,129.6347,26.6887,4.6,1537258271.0,139.7672,36.0211,4.6,1537266919.0,129.7743,26.7882,4.6,1537287709.0,141.5577,38.4621,5.1,1537289668.0,141.9027,35.7288,4.7,1537315296.0
1537392267.0,141.6718,40.9429,4.2,1537429466.0,143.1136,39.8823,4.7,1537430889.0,143.2002,39.8131,4.4,1537455446.0,129.6597,26.6747,4.7,1537470382.0,129.6893,26.7185,4.4,1537484169.0
1537484762.0,129.6486,26.7341,4.6,1537487811.0,129.6426,26.7189,4.4,1537528574.0,139.95,27.9865,4.2,1537543281.0,122.5399,24.0359,4.4,1537550307.0,146.386,43.2108,4.4,1537612971.0
1537613881.0,129.6566,26.6637,5.4,1537619327.0,140.1325,33.622,4.4,1537640754.0,143.1533,42.2384,4.0,1537654508.0,129.6264,26.6278,4.2,1537708924.0,123.5732,42.4393,4.7,1537709390.0
1537715134.0,140.6655,36.4966,4.6,1537738422.0,136.6885,33.839,4.0,1537747899.0,122.0525,20.8187,4.3,1537764836.0,143.3645,45.2656,4.0,1537780626.0,142.0274,42.6173,4.4,1537792438.0
1537799121.0,125.6729,25.0248,4.7,1537846261.0,142.2432,38.7343,4.4,1537847412.0,141.1385,41.9449,4.5,1537936411.0,149.8563,44.7214,4.6,1537941629.0,142.0848,27.4408,4.6,1537989763.0
1537993391.0,147.412,43.9656,4.2,1538003928.0,142.8161,39.2473,4.4,1538011927.0,138.6198,30.1946,4.0,1538047065.0,138.2087,33.2859,4.0,1538048752.0,129.7,26.7884,4.6,1538076745.0
1538213154.0,141.9494,42.7652,4.5,1538297645.0,142.0029,42.5608,4.9,1538323620.0,141.6083,31.9167,4.6,1538336412.0,142.5442,42.7674,4.3,1538360523.0,141.9909,42.893,4.8,1538406431.0
1538422163.0,142.8115,38.9592,4.5,1538450873.0,141.063,36.4286,4.4,1538470958.0,138.3952,30.1151,4.0,1538475928.0,141.7129,37.6683,4.6,1538578578.0,144.3686,41.1356,4.6,1538579732.0
1538604684.0,121.9998,20.2585,4.2,1538630145.0,129.7394,27.3521,4.2,1538633847.0,120.4266,22.1353,4.3,1538641253.0,131.4663,31.0932,4.6,1538673414.0,135.6202,36.3816,4.0,1538693072.0
1538697528.0,142.0359,42.5988,5.0,1538701532.0,129.5792,26.7298,4.5,1538764820.0,140.8904,32.6447,4.5,1538766646.0,121.792,20.8793,4.2,1538775411.0,143.3771,21.8405,4.2,1538799264.0
1538810086.0,141.8694,37.3559,4.4,1538839123.0,129.4496,26.4868,4.7,1538874859.0,137.4893,35.0158,4.8,1538881270.0,140.5194,26.5339,4.7,1538902739.0,139.6479,27.9283,4.0,1538923896.0
1538926406.0,147.6392,47.7577,4.2,1538960882.0,141.2753,41.7681,4.2,1538975084.0,140.9628,29.6342,4.3,1538975822.0,144.0184,23.7133,4.6,1538977527.0,143.8849,23.6221,4.9,1539003239.0
1539008285.0,143.7463,23.5895,4.5,1539009886.0,143.815,23.6085,4.7,1539012208.0,148.2793,44.5672,4.6,1539013515.0,141.6854,28.4707,4.6,1539020714.0,141.8895,42.6584,4.4,1539028322.0
1539034913.0,140.0608,33.5886,4.4,1539052334.0,141.0843,29.9016,4.5,1539054544.0,128.2198,27.9703,4.6,1539058605.0,142.2267,41.0022,4.5,1539091500.0,149.8354,44.2535,4.6,1539115118.0
1539153534.0,142.0109,32.2793,4.3,1539164592.0,122.0813,24.8313,4.5,1539238722.0,128.0506,27.9648,4.7,1539303267.0,141.8133,42.6212,4.5,1539317747.0,140.7582,35.7549,5.2,1539380304.0
1539430425.0,143.4791,39.3602,4.6,1539433745.0,128.842,26.3139,4.5,1539448501.0,127.1416,27.8272,4.6,1539453236.0,144.1993,22.5842,4.7,1539463863.0,140.6451,33.0222,4.2,1539472795.0
1539477028.0,141.8105,38.2959,4.6,1539485351.0,145.3614,43.5362,4.3,1539554282.0,141.6906,26.5525,4.5,1539562375.0,130.6042,32.6162,4.5,1539587444.0,139.4385,36.9497,4.0,1539590722.0
1539619307.0,146.7041,42.6672,4.4,1539646459.0,141.8002,38.6914,4.5,1539648729.0,134.7112,41.6267,4.5,1539670081.0,144.0528,27.3522,4.6,1539702945.0,128.388,25.856,4.5,1539724313.0
1539745134.0,128.4265,25.947,4.8,1539782948.0,141.0014,29.1271,5.2,1539796961.0,145.5749,42.8832,4.4,1539839902.0,140.9905,35.5209,4.9,1539864752.0,141.9592,42.8838,4.4,1539866155.0
1539867143.0,142.1305,38.4427,4.5,1539891652.0,138.783,44.1588,4.0,1539901176.0,141.2363,33.5493,4.7,1539970231.0,142.9248,42.3707,4.6,1539992035.0,143.7114,42.4279,4.1,1540000272.0
1540036576.0,125.1593,22.2215,4.5,1540045294.0,143.7652,23.1784,5.0,1540060664.0,143.7464,23.1456,4.6,1540066417.0,141.691,37.8889,4.3,1540066770.0,143.7739,23.1338,4.5,1540077043.0
1540092597.0,133.5436,38.513,4.0,1540119772.0,140.6009,35.1704,4.6,1540159658.0,143.571,28.9647,4.6,1540165706.0,143.1047,42.2388,4.4,1540197569.0,125.2212,24.1737,4.7,1540198328.0
1540205238.0,141.4753,37.5457,5.0,1540221702.0,143.852,37.8031,4.5,1540269298.0,122.6027,24.1153,5.8,1540292780.0,141.9099,38.2873,4.6,1540310644.0,122.6791,23.9912,5.7,1540411284.0
1540446969.0,138.6944,32.1296,4.3,1540463135.0,141.1848,44.7385,4.1,1540492569.0,141.785,38.3158,5.7,1540523093.0,145.4594,44.4943,5.6,1540523178.0,145.5656,44.4486,5.1,1540523676.0
1540543535.0,130.6371,31.1987,4.5,1540558547.0,142.9989,23.7,4.7,1540564410.0,137.9083,32.9338,4.0,1540598882.0,141.2901,36.9011,4.8,1540615599.0,133.2274,41.7638,4.3,1540640353.0
1540641111.0,135.8527,34.3854,4.4,1540708044.0,130.6764,29.7245,4.6,1540732749.0,139.5086,36.4053,4.4,1540733339.0,142.3293,37.1874,4.5,1540737989.0,141.6538,36.9038,4.9,1540776464.0
1540815923.0,141.2367,36.4974,4.5,1540827171.0,140.8996,32.0275,4.8,1540850129.0,123.6739,24.1069,4.9,1540866597.0,141.6489,37.3956,4.9,1540866882.0,123.4067,24.2627,4.8,1540907209.0
1540922366.0,141.0014,42.2963,4.5,1540944687.0,121.4608,23.7325,4.4,1541012591.0,147.1498,43.8269,4.7,1541031286.0,120.4993,21.5037,4.2,1541064260.0,123.5748,24.2201,4.7,1541099855.0
1541145234.0,135.1475,33.6719,5.4,1541156475.0,146.6972,47.8334,6.0,1541156995.0,146.7317,47.7701,4.6,1541169970.0,148.0034,49.3485,4.0,1541182769.0,141.9964,36.3246,4.5,1541336907.0
1541354561.0,141.9315,38.7402,4.6,1541357666.0,143.3004,23.4899,4.9,1541359563.0,145.6552,44.5478,5.9,1541373557.0,135.2732,33.6271,4.5,1541423763.0,145.5972,44.4808,4.5,1541426862.0
1541428754.0,130.5495,29.2918,4.8,1541429218.0,130.5301,29.2376,5.0,1541456326.0,141.8806,37.7074,4.3,1541479782.0,130.5101,29.2589,4.4,1541480157.0,122.7804,22.9217,4.7,1541482860.0
1541489382.0,140.6631,39.2419,4.4,1541513215.0,130.2914,31.3464,4.5,1541514865.0,122.5164,23.9844,4.5,1541624711.0,122.5433,22.8607,4.8,1541643313.0,141.3709,42.2497,4.4,1541712487.0
1541713900.0,141.9828,38.6564,4.3,1541718336.0,142.5527,40.7338,4.5,1541724071.0,142.4339,30.7207,4.4,1541779742.0,145.6413,44.7029,4.7,1541786915.0,141.591,31.3809,4.9,1541787540.0
1541819673.0,142.9597,22.7155,4.7,1541845885.0,140.9099,31.3416,4.4,1541853681.0,143.2726,23.4413,4.6,1541866604.0,143.1919,28.1838,4.5,1541893738.0,142.2126,29.5891,4.3,1541924797.0
1541976737.0,142.3075,43.3575,4.5,1541987092.0,139.2679,42.9554,4.5,1542001770.0,144.5414,39.0574,4.6,1542003040.0,131.9407,31.8883,4.5,1542004355.0,123.4437,23.7785,4.7,1542168580.0
1542186587.0,145.0388,43.3509,4.4,1542190050.0,141.9755,42.7019,4.8,1542195591.0,137.1245,33.8391,4.0,1542204318.0,130.4184,31.1354,4.5,1542212365.0,137.6236,34.7343,4.1,1542224416.0
1542272955.0,144.1298,37.7656,4.6,1542326207.0,137.6035,34.9462,4.1,1542328456.0,122.9171,24.3071,4.3,1542333695.0,121.8168,24.7893,4.4,1542336552.0,142.0808,39.6327,4.5,1542370187.0
1542394257.0,143.4948,26.1917,4.4,1542398524.0,142.7324,41.0609,4.4,1542440406.0,141.0204,25.4048,4.8,1542505882.0,141.9543,30.8056,4.8,1542545676.0,148.5542,43.9965,4.4,1542582128.0
1542594409.0,143.2801,23.4678,4.5,1542608338.0,122.5525,23.8642,4.4,1542645093.0,121.9783,24.3858,4.9,1542659203.0,149.6349,47.4133,4.3,1542661023.0,141.4004,32.2597,4.2,1542668830.0
1542694210.0,141.8756,41.4805,4.5,1542710092.0,129.903,29.2428,4.6,1542728311.0,142.7654,42.0009,4.5,1542740988.0,130.0667,30.42,5.5,1542744962.0,148.0753,44.4524,4.7,1542752935.0
1542799731.0,140.1839,32.9898,4.3,1542957590.0,142.3798,29.253,4.7,1542970074.0,141.7773,37.3814,4.4,1542983414.0,141.2093,37.1407,4.8,1542989020.0,142.0869,41.5844,4.3,1543069626.0
1543099594.0,142.5727,38.8765,3.9,1543131452.0,139.8615,27.6972,4.1,1543133910.0,129.5527,26.5905,4.2,1543137545.0,134.4666,33.9248,4.6,1543142048.0,137.7757,32.2148,4.0,1543170383.0
1543222863.0,142.4423,40.0845,4.5,1543237442.0,141.8403,38.8713,4.5,1543271200.0,141.5501,37.4381,4.3,1543275231.0,139.7598,36.0703,4.8,1543354294.0,142.706,40.3755,4.4,1543366982.0
1543371804.0,143.1793,41.3642,5.4,1543399413.0,143.2848,41.364,4.3,1543403696.0,141.0245,36.5435,4.7,1543413865.0,125.5636,26.0871,4.4,1543427671.0,142.404,27.5019,4.7,1543450976.0
1543465780.0,142.4694,41.9794,4.3,1543493750.0,143.2859,41.2964,4.3,1543658184.0,145.5081,42.8478,4.3,1543688584.0,141.4873,24.2147,4.3,1543692781.0,147.6023,45.02,4.3,1543704464.0
1543761907.0,143.3048,41.1251,4.3,1543805157.0,142.0255,38.9776,4.3,1543824498.0,135.5365,33.6056,4.3,1543824917.0,141.5083,40.841,4.6,1543864518.0,142.3927,39.1122,4.7,1543899734.0
1543903575.0,140.093,34.5354,4.7,1544011741.0,142.0096,36.3102,4.5,1544068607.0,148.1638,20.6846,4.6,1544165430.0,125.4108,23.9767,4.3,1544224420.0,141.8009,36.3213,4.5,1544234043.0
1544368540.0,121.586,23.9818,5.1,1544368901.0,137.9254,33.1843,4.9,1544394531.0,142.274,25.5119,4.6,1544419724.0,143.9502,23.1454,4.7,1544444279.0,130.4148,30.8034,4.3,1544475513.0
1544488003.0,146.2874,43.7946,5.0,1544491047.0,140.8703,36.4838,4.5,1544518503.0,144.2965,37.3481,4.8,1544520452.0,138.5462,43.7618,4.0,1544565560.0,143.0003,21.5721,4.3,1544591793.0
1544604596.0,140.617,36.5368,4.7,1544621063.0,121.5835,23.8678,4.5,1544628418.0,147.8121,43.8917,4.4,1544700877.0,141.1791,40.833,4.2,1544711299.0,143.8408,22.302,4.4,1544774673.0
1544803330.0,140.7383,26.3113,5.1,1544891297.0,141.7921,39.2222,4.7,1544908863.0,122.001,23.7656,5.1,1544943309.0,143.7199,23.1823,4.7,1544976213.0,120.6148,21.8729,4.4,1545060492.0
1545095744.0,143.8736,23.1684,5.0,1545101599.0,142.0099,37.1755,4.4,1545134774.0,130.7713,29.7738,4.8,1545146326.0,141.79,38.2346,4.3,1545189781.0,123.7244,25.4299,4.3,1545236773.0
1545267536.0,130.5748,29.1196,4.5,1545282976.0,123.7757,23.792,4.6,1545339659.0,142.0697,42.7027,4.1,1545355256.0,137.1741,34.3053,4.0,1545365612.0,141.1882,37.1292,4.4,1545487491.0
1545530109.0,138.515,30.3806,4.0,1545596626.0,145.6699,42.0658,4.2,1545610687.0,141.6992,34.0702,5.6,1545611314.0,142.0093,33.9934,4.6,1545612191.0,141.6226,34.0619,5.5,1545612588.0
1545616998.0,143.1654,21.578,4.2,1545620421.0,141.7143,34.1544,4.8,1545630158.0,141.4503,34.1498,4.6,1545642828.0,141.6726,34.0378,4.5,1545663074.0,141.4303,41.8152,4.6,1545670350.0
1545677657.0,148.2784,44.1682,4.9,1545693602.0,141.5657,34.0691,4.7,1545696630.0,141.6199,34.0316,5.3,1545709395.0,121.5111,23.1845,4.5,1545710206.0,120.8768,22.6766,4.1,1545716662.0
1545731170.0,142.4294,29.045,5.4,1545743641.0,142.4356,28.7376,4.6,1545812432.0,146.6544,44.3577,4.2,1545817384.0,143.094,21.4574,4.0,1545832669.0,139.2847,29.1771,4.2,1545842933.0
1545880806.0,143.5175,22.4526,4.5,1545899827.0,142.9093,28.2801,4.8,1545954885.0,123.5412,24.7851,4.1,1545976719.0,142.5559,24.5739,4.7,1545995884.0,140.6007,38.2908,4.2,1546002214.0
1546029359.0,129.9541,29.6998,4.4,1546110510.0,143.079,42.3513,5.2,1546127519.0,141.3629,27.2011,4.7,1546130151.0,141.1837,30.8246,4.5,1546138292.0,145.9794,21.4701,4.5,1546146971.0
1546179995.0,133.8402,38.3792,4.7,1546231236.0,143.8029,23.4479,4.6,1546263231.0,128.8721,25.9291,4.7,1546265425.0,141.4337,37.4904,5.1,1546293216.0,140.7182,35.636,4.3,1546380338.0
1546441876.0,143.6408,39.4417,4.5,1546506628.0,130.4705,33.0514,4.7,1546529675.0,124.1513,25.3139,4.7,1546538570.0,121.0375,22.9278,4.8,1546548165.0,138.0987,30.3888,4.0,1546556361.0
1546616770.0,143.5642,21.9008,4.4,1546639507.0,140.1248,32.8198,4.3,1546654957.0,123.3178,23.8768,4.5,1546669938.0,130.7241,31.2327,4.6,1546728854.0,144.5691,25.8233,5.7,1546732255.0
1546763650.0,141.4426,38.7217,4.7,1546804968.0,141.8285,34.1353,4.3,1546819546.0,138.8114,30.4445,4.1,1546823665.0,144.2518,38.965,4.2,1546826326.0,142.3788,28.9158,4.4,1546842824.0
1546867378.0,147.8005,47.6502,4.1,1546870923.0,130.7651,28.8211,4.6,1546871043.0,130.5334,28.931,4.9,1546878926.0,140.0285,35.0039,4.6,1546943481.0,142.4909,29.0095,4.3,1546949804.0
1546951170.0,131.0441,30.5872,6.3,1546960940.0,130.9653,30.6182,4.3,1546964729.0,142.448,28.9962,4.5,1546992094.0,138.7589,35.9513,4.2,1547008418.0,140.752,28.195,4.7,1547016581.0
1547146581.0,142.9343,29.0801,4.0,1547160088.0,137.6313,30.7321,4.3,1547324216.0,143.0665,21.5927,4.3,1547364815.0,138.7955,30.0724,4.5,1547376842.0,141.1411,37.3396,4.5,1547381685.0
1547404102.0,121.302,22.731,4.4,1547439821.0,139.8748,36.1902,5.0,1547496952.0,144.2672,38.9976,4.1,1547551628.0,141.1944,33.7155,4.5,1547590218.0,141.6031,28.9996,4.5,1547595297.0
1547640713.0,146.4234,44.6706,4.3,1547691817.0,142.5733,42.0217,4.8,1547711966.0,130.4412,31.1623,4.2,1547733758.0,143.0863,21.6372,4.1,1547746066.0,140.5193,32.5803,4.2,1547815584.0
1547841843.0,142.3808,40.8238,4.8,1547899708.0,144.883,22.8068,4.4,1547903705.0,122.4815,23.9825,4.2,1547929991.0,123.4788,23.1687,4.2,1548030264.0,142.4587,40.79,4.3,1548057554.0
1548070236.0,141.878,29.0221,4.7,1548108249.0,140.8287,35.9289,4.3,1548111036.0,142.052,40.8658,4.1,1548127167.0,121.465,22.1646,4.7,1548149176.0,130.1651,28.6395,4.5,1548279299.0
1548329772.0,129.1289,31.9498,4.1,1548332117.0,128.1405,26.8729,4.8,1548374218.0,143.3464,26.9503,4.6,1548391701.0,131.1545,30.0438,4.9,1548394897.0,129.1417,32.028,4.6,1548402423.0
1548451366.0,131.1241,30.3857,4.8,1548462690.0,140.0041,36.4011,4.4,1548472145.0,130.3128,31.2125,4.3,1548479793.0,130.5567,33.0377,4.4,1548490983.0,142.2224,40.3332,5.5,1548510382.0
1548543016.0,129.0367,25.8613,4.9,1548560625.0,125.2179,24.3085,4.8,1548561594.0,125.5133,23.7873,4.3,1548591601.0,125.2453,24.2778,4.9,1548689941.0,135.6633,34.1087,4.1,1548733346.0
1548814910.0,128.9968,27.147,4.4,1548825695.0,122.4948,23.7346,5.3,1548861292.0,120.5791,21.831,5.0,1548889633.0,143.0494,23.7813,4.7,1548906099.0,137.1664,33.9762,4.1,1548958633.0
1548962080.0,143.7973,21.4041,5.0,1549014056.0,144.3564,21.4461,5.1,1549027940.0,143.5945,21.2996,4.9,1549032676.0,144.0814,21.4117,5.0,1549047609.0,143.6192,39.8199,4.4,1549047922.0
1549062255.0,137.5201,31.0412,4.3,1549134612.0,141.106,35.5563,5.0,1549155675.0,141.2681,37.1023,4.8,1549232016.0,144.7537,25.8032,4.5,1549244287.0,149.5185,46.6136,4.1,1549295377.0
1549302045.0,146.8899,43.7284,4.1,1549303699.0,139.6991,28.6843,4.3,1549333200.0,141.0803,33.5823,4.8,1549349872.0,141.9783,38.3356,4.4,1549385565.0,141.3404,35.4678,4.7,1549385987.0
1549451492.0,124.6371,23.9495,4.8,1549463429.0,125.2146,23.5406,4.4,1549474730.0,142.5736,39.5451,4.4,1549475086.0,146.1047,21.4004,5.3,1549526272.0,143.932,41.7156,4.9,1549558323.0
1549561651.0,129.6758,26.6242,4.6,1549565538.0,125.4804,22.4365,4.4,1549575251.0,138.3446,35.1487,4.3,1549610769.0,142.5934,24.9562,4.6,1549679062.0,145.5657,43.8606,4.9,1549743178.0
1549750103.0,139.5251,33.3223,4.0,1549760063.0,141.8962,40.4145,4.1,1549762208.0,141.3457,37.1286,4.2,1549770846.0,143.4762,21.1828,4.5,1549776864.0,129.529,28.1937,4.9,1549814356.0
1549920974.0,141.791,24.0452,4.3,1549927609.0,142.3814,31.0219,4.9,1549983344.0,142.1357,44.5087,4.2,1549989540.0,122.5829,24.8414,4.5,1549995781.0,121.6306,23.7144,4.6,1550004054.0
1550083264.0,144.3857,21.4254,4.6,1550094557.0,124.1584,25.7761,4.2,1550106944.0,141.4918,35.2063,4.2,1550108745.0,137.0948,33.8388,4.5,1550112191.0,141.9561,28.0632,4.6,1550129125.0
1550201699.0,141.4418,24.9958,4.6,1550239687.0,121.779,23.7734,4.6,1550241870.0,122.6409,24.7088,4.2,1550257690.0,141.6857,28.5693,4.5,1550294345.0,124.6205,25.1268,4.5,1550307995.0
1550311288.0,125.0026,25.2928,5.1,1550354638.0,124.6718,25.1971,4.4,1550369619.0,124.6278,25.2468,4.8,1550392880.0,143.5026,25.2605,4.0,1550431283.0,141.9953,36.394,4.8,1550435816.0
1550448236.0,137.106,30.8652,4.5,1550448336.0,137.1228,30.8487,4.5,1550475138.0,125.0474,25.4181,4.6,1550476871.0,138.4744,30.4657,4.2,1550490099.0,142.5938,39.7336,4.3,1550563795.0
1550577852.0,137.7487,36.4612,4.6,1550593495.0,141.6817,38.8347,4.6,1550632722.0,130.2065,28.2852,4.9,1550715098.0,129.9815,28.5622,5.0,1550720833.0,141.8249,32.2522,4.3,1550751760.0
1550811421.0,140.4495,26.2113,4.5,1550855005.0,141.8834,42.8141,4.3,1550899851.0,129.9579,32.719,4.5,1550904539.0,141.8901,37.0251,4.4,1550968399.0,141.987,37.4982,4.4,1551106195.0
1551114833.0,147.7935,45.0483,5.0,1551183640.0,140.1794,34.6657,4.3,1551223063.0,141.001,36.7298,4.2,1551228952.0,142.0529,38.2916,4.9,1551282884.0,143.8629,36.6242,4.2,1551299986.0
1551312790.0,140.3622,40.9339,4.4,1551348287.0,143.4239,21.6958,4.3,1551363445.0,141.0626,35.5184,4.5,1551376341.0,128.6674,27.4998,4.6,1551474205.0,141.0643,36.526,4.4,1551487664.0
1551496974.0,146.894,41.9469,5.9,1551513968.0,149.7916,46.1831,4.6,1551541913.0,142.0072,30.8682,5.4,1551544441.0,143.7759,22.2659,4.9,1551558865.0,121.5891,20.8965,4.5,1551576826.0
1551598786.0,131.3258,30.1172,4.4,1551711496.0,139.3928,28.8894,4.0,1551776914.0,139.3572,29.2645,4.0,1551784608.0,148.6406,46.2836,4.4,1551821787.0,142.1177,31.3764,4.1,1551881091.0
1551897827.0,141.849,38.9272,4.0,1551900361.0,141.6366,38.7072,4.9,1551900567.0,143.839,23.1554,5.0,1551901833.0,141.1579,26.0517,4.6,1551910425.0,142.3876,30.7924,4.2,1551925236.0
1551930541.0,120.3393,20.8432,4.9,1551958298.0,141.411,30.4405,4.8,1551989590.0,144.414,42.2198,4.3,1551994791.0,142.4912,25.1765,4.0,1552012334.0,121.4571,22.4595,5.4,1552017953.0
1552061283.0,136.66,35.3497,4.5,1552090087.0,126.6974,23.7865,4.2,1552100821.0,142.0933,30.5325,4.8,1552126056.0,139.496,29.3259,4.5,1552127532.0,122.1691,25.4046,4.0,1552211062.0
1552211533.0,148.2887,44.159,5.1,1552237852.0,142.3585,36.8322,5.7,1552238655.0,142.3407,36.8352,4.9,1552239583.0,142.2776,36.9948,4.7,1552243422.0,142.4287,36.7315,5.0,1552286271.0
1552292450.0,142.3462,36.8657,4.6,1552292823.0,142.4744,36.5144,4.5,1552293102.0,142.3486,36.8149,4.5,1552296827.0,141.4623,25.6001,5.2,1552415516.0,142.3379,38.2431,4.3,1552421955.0
1552451555.0,121.5798,23.5894,4.7,1552452306.0,142.1535,36.8386,4.5,1552452529.0,134.8565,33.8114,5.2,1552478184.0,142.3071,30.5833,4.4,1552509347.0,135.1589,38.4434,4.0,1552511242.0
1552542672.0,143.0298,28.2884,4.6,1552551862.0,136.1223,46.4226,4.0,1552564745.0,140.7845,35.6579,4.3,1552625474.0,141.2274,37.2243,4.5,1552646955.0,142.9429,42.231,4.2,1552658122.0
1552712096.0,146.422,44.651,4.3,1552714801.0,142.0884,30.828,4.9,1552723261.0,143.3115,39.8405,4.4,1552784275.0,144.5691,45.3199,4.5,1552826662.0,121.9596,24.4649,4.0,1552832840.0
1552834103.0,142.946,36.5651,4.7,1552854508.0,125.0342,22.9342,4.8,1552863189.0,142.4212,41.0312,4.4,1552875951.0,143.8525,22.0615,4.9,1552901979.0,129.6322,28.8303,4.3,1552968094.0
1552992626.0,146.0304,22.3599,4.6,1553087487.0,128.0603,27.9717,4.4,1553089527.0,128.0852,27.9516,4.4,1553105837.0,128.8089,25.6801,4.6,1553186616.0,144.0535,21.4611,4.6,1553227064.0
1553256349.0,122.4633,24.5261,4.6,1553390798.0,143.8669,23.1384,4.7,1553434307.0,143.038,21.5306,4.1,1553538621.0,140.3141,37.4211,4.6,1553594993.0,141.6895,31.1688,4.6,1553645482.0
1553647200.0,132.1035,31.9941,4.6,1553668683.0,132.1049,32.1507,5.3,1553696358.0,122.2205,25.3332,4.1,1553728360.0,129.716,28.8205,4.2,1553739419.0,143.6578,42.4238,4.8,1553740629.0
1553771279.0,141.3084,31.228,4.7,1553784929.0,135.1417,38.5212,4.6,1553805534.0,142.1739,37.1542,4.6,1553814295.0,141.1124,29.5223,4.6,1553829859.0,141.1383,37.1658,4.5,1553849249.0
1553882435.0,141.6892,38.1982,4.4,1553892942.0,131.023,30.6159,5.1,1553988034.0,141.9948,41.4715,4.0,1554008447.0,120.5193,20.5222,4.4,1554016978.0,127.0907,24.5804,4.3,1554021493.0
1554069813.0,142.2957,30.8759,4.4,1554087275.0,122.2347,24.9205,4.2,1554104601.0,143.6448,40.8871,4.2,1554121051.0,142.1657,38.5676,4.2,1554151789.0,122.3399,21.2755,4.5,1554172028.0
1554236949.0,142.5667,41.9712,4.5,1554256376.0,120.9569,22.9701,5.4,1554263729.0,141.458,42.4494,4.3,1554343016.0,120.9505,23.0108,5.2,1554347072.0,143.6272,42.4563,4.4,1554371960.0
1554382609.0,121.6147,23.6726,4.5,1554413678.0,142.5132,24.494,5.1,1554415887.0,129.5668,27.3134,4.6,1554440645.0,143.9864,23.0795,4.3,1554452594.0,140.3313,34.728,4.7,1554458212.0
1554494182.0,141.9225,32.5765,4.5,1554499495.0,120.6585,22.7774,4.1,1554510129.0,144.659,38.7938,4.6,1554598942.0,141.8491,38.2055,4.4,1554660003.0,141.6421,38.0927,4.1,1554677102.0
1554692390.0,122.0853,20.4836,4.7,1554696760.0,129.5878,26.329,5.5,1554698944.0,129.4665,26.1494,4.5,1554701002.0,141.0393,35.675,4.4,1554704400.0,129.4598,26.0494,4.5,1554706690.0
1554722697.0,129.5407,26.2383,4.4,1554729723.0,142.3146,41.9562,4.6,1554752317.0,121.3942,20.5027,4.5,1554800121.0,143.1375,40.8615,4.4,1554814409.0,146.4152,42.755,4.3,1554815494.0
1554822802.0,121.599,23.9182,4.8,1554841453.0,121.602,23.9362,5.0,1554850671.0,121.9613,24.1799,4.5,1554865734.0,140.8484,26.9504,4.2,1554923564.0,128.6689,25.9304,4.5,1554937676.0
1554970701.0,143.2985,40.4096,6.0,1554998594.0,129.5514,26.2097,4.9,1554999116.0,129.5329,26.1277,4.4,1555005162.0,128.2313,24.883,5.1,1555012425.0,129.6042,26.3089,4.9,1555037038.0
1555040800.0,121.4371,20.0069,4.8,1555040866.0,145.5991,20.03,4.5,1555050362.0,129.5324,26.1929,4.9,1555054205.0,141.2661,25.8317,4.6,1555059471.0,139.932,43.6597,4.2,1555061317.0
1555139294.0,129.5222,26.2405,4.9,1555139461.0,129.5217,26.2378,5.0,1555139669.0,129.6133,26.2846,4.9,1555143477.0,129.5509,26.2313,4.6,1555145976.0,129.5611,26.0404,4.6,1555168022.0
1555179565.0,129.4662,26.031,4.5,1555206435.0,129.5264,26.183,4.4,1555206791.0,129.5319,26.2541,5.1,1555212194.0,129.45,26.1761,4.5,1555217115.0,140.5596,26.4643,4.0,1555218719.0
1555218898.0,129.4796,26.1145,4.4,1555220426.0,129.4382,26.229,4.8,1555223631.0,129.2868,26.2955,4.7,1555224915.0,129.5185,26.1377,4.9,1555231554.0,129.4296,26.1174,4.7,1555273710.0
1555277001.0,149.8301,45.0736,4.6,1555295893.0,130.6409,29.5942,4.3,1555311570.0,141.5481,33.3163,4.4,1555338652.0,140.4613,38.2302,4.5,1555341752.0,129.453,26.2283,4.5,1555341981.0
1555392312.0,143.3024,40.2658,4.3,1555406337.0,129.4453,26.1318,4.6,1555411354.0,136.7698,34.2199,4.1,1555535278.0,146.0562,42.7884,4.5,1555537803.0,129.4306,26.0762,4.2,1555562468.0
1555563666.0,121.6501,24.0374,6.1,1555574966.0,137.5313,34.1219,4.1,1555579506.0,128.2429,24.8441,4.6,1555579629.0,129.4853,26.1026,4.9,1555579869.0,129.5132,26.1193,4.4,1555581026.0
1555640203.0,129.5212,37.8585,4.4,1555647300.0,146.3203,43.3586,4.7,1555657557.0,141.581,42.5761,4.6,1555774043.0,139.3883,28.5076,4.3,1555774219.0,141.6924,33.8381,4.3,1555787386.0
1555793036.0,145.735,46.9561,4.2,1555819363.0,140.4584,39.214,4.5,1555825057.0,147.0216,43.048,4.2,1555835953.0,128.2757,24.8827,4.7,1555838048.0,138.8275,28.7403,4.1,1555838663.0
1555894063.0,133.5777,43.1168,4.5,1555948834.0,141.0017,31.3259,4.7,1555955118.0,143.6948,40.6623,5.4,1555973372.0,131.4255,31.0963,4.5,1556059106.0,128.1519,24.8865,4.3,1556096766.0
1556101897.0,126.3939,26.527,4.3,1556120435.0,128.2458,24.999,4.4,1556131109.0,141.5301,30.9912,4.2,1556148474.0,142.7974,24.2293,4.9,1556148544.0,142.7222,24.2007,4.4,1556193601.0
1556223805.0,134.9658,37.4429,4.2,1556290280.0,143.7285,42.266,4.3,1556326651.0,141.195,37.2318,4.3,1556333958.0,146.0414,42.9387,4.3,1556364724.0,142.0878,37.3583,4.5,1556379023.0
1556385885.0,142.8191,42.4547,5.4,1556515441.0,137.5372,34.5525,4.5,1556531790.0,138.3874,31.6984,4.2,1556548094.0,144.2002,21.7521,5.3,1556639026.0,140.7863,36.5396,4.5,1556657636.0
1556680678.0,121.446,23.7865,3.7,1556768933.0,142.3312,29.3629,4.5,1556793882.0,121.9866,24.4715,4.5,1556860848.0,148.2241,44.2962,4.2,1556871328.0,138.0357,32.0259,4.1,1556929143.0
1556937690.0,141.8705,38.2752,4.6,1556938374.0,145.6993,43.9633,4.3,1556973295.0,141.7185,42.7424,4.4,1556988024.0,146.347,43.3501,5.1,1556996956.0,145.7936,21.0265,4.6,1556999504.0
1557005652.0,148.1114,43.8887,4.5,1557024609.0,144.0229,38.2993,4.4,1557110651.0,139.9972,31.1227,4.4,1557119593.0,140.8652,35.4789,4.4,1557140841.0,144.4673,36.3118,4.4,1557165363.0
1557188941.0,143.532,22.4751,4.4,1557240143.0,142.6237,35.3217,4.8,1557251912.0,148.1467,44.524,4.7,1557274801.0,142.0574,40.0432,4.6,1557274954.0,142.5698,40.7388,4.4,1557330526.0
1557333132.0,126.7531,27.1438,4.4,1557403360.0,139.2866,35.141,4.2,1557424280.0,130.766,29.1721,4.3,1557441803.0,131.8869,31.8013,5.6,1557445722.0,131.8483,31.7772,6.2,1557446854.0
1557464028.0,131.6633,31.4099,4.6,1557478537.0,143.0479,21.4758,4.2,1557488432.0,131.7783,31.7411,4.9,1557493399.0,142.8333,21.6843,4.0,1557532781.0,132.3375,32.6908,4.8,1557535732.0
1557604579.0,143.4023,39.7295,4.2,1557641265.0,132.3075,32.7081,4.7,1557661898.0,141.8308,30.6728,4.4,1557716327.0,141.4223,25.5854,4.5,1557723710.0,143.1814,30.4352,4.9,1557737721.0
1557741575.0,141.2367,37.212,4.6,1557781259.0,147.7993,43.359,4.4,1557822223.0,134.3519,32.7971,4.3,1557826246.0,142.9189,27.3483,4.7,1557834317.0,122.1546,24.4363,4.1,1557836503.0
1557867326.0,147.9466,43.8717,5.2,1557881999.0,142.8159,27.5866,4.7,1557891944.0,146.9149,20.2219,4.5,1557897871.0,130.7116,29.7216,5.7,1557909125.0,137.4923,32.3041,4.2,1557910480.0
1558022685.0,142.2477,39.0334,4.3,1558054451.0,143.2165,21.5061,4.3,1558101641.0,139.833,27.9368,4.5,1558131892.0,124.6154,45.202,4.8,1558142283.0,141.6795,38.9596,4.8,1558197511.0
1558202184.0,146.9227,43.323,4.5,1558231191.0,131.8515,31.6524,4.5,1558233780.0,149.3067,44.8918,4.4,1558277411.0,132.3206,32.622,4.4,1558306133.0,140.24,34.982,4.5,1558361167.0
1558471638.0,145.005,22.1858,4.6,1558489044.0,121.6458,23.9298,4.4,1558556112.0,122.0685,23.6418,4.4,1558557685.0,122.1578,23.5804,4.3,1558588429.0,128.9825,27.8336,4.5,1558591969.0
1558609735.0,133.3202,38.3762,4.2,1558669217.0,139.3309,36.0091,4.6,1558671911.0,135.5828,34.0524,4.2,1558765246.0,140.3329,35.3002,4.9,1558765660.0,121.3816,23.2119,4.0,1558828731.0
1558830383.0,130.6729,29.3902,4.7,1558859791.0,127.9184,25.2203,4.2,1558884863.0,130.6072,29.4411,4.3,1558885644.0,130.5556,28.8768,4.8,1558897455.0,140.6833,36.7627,4.5,1559003794.0
1559006991.0,146.8282,43.523,4.3,1559016234.0,129.1455,29.8036,4.3,1559138953.0,144.4529,43.3376,4.2,1559168634.0,140.2045,39.7264,4.0,1559255590.0,141.9393,36.2337,4.5,1559275733.0
1559280428.0,145.5912,42.7663,4.4,1559310536.0,141.9579,42.7941,4.3,1559317997.0,120.4814,22.8809,4.6,1559343490.0,140.3966,35.2909,4.5,1559366346.0,143.1733,21.5431,4.1,1559400525.0
1559417146.0,143.8327,23.6709,4.5,1559420040.0,142.7261,23.4498,5.1,1559472074.0,139.931,35.0676,3.2,1559474460.0,149.3684,43.8168,4.4,1559474942.0,142.5732,42.7005,4.3,1559582164.0
1559605670.0,144.876,41.0109,3.9,1559623156.0,139.289,29.0665,6.4,1559641578.0,121.6864,22.9032,5.5,1559682578.0,141.2129,37.2578,4.4,1559695831.0,134.96,37.2462,4.0,1559698014.0
1559762839.0,121.5947,23.8162,4.5,1559790842.0,143.2764,39.4629,4.6,1559870336.0,143.7125,22.559,4.4,1559965558.0,140.0905,36.1698,3.7,1560008249.0,147.4683,44.1677,4.6,1560026014.0
1560029947.0,141.7303,31.9974,4.8,1560039974.0,141.8793,38.6339,4.2,1560067605.0,136.715,42.1701,4.1,1560096127.0,122.8634,23.9419,4.1,1560101233.0,142.6118,43.1475,4.3,1560171655.0
1560172354.0,142.2109,38.8694,4.5,1560187139.0,146.6132,43.5489,4.9,1560188962.0,131.2569,30.6096,4.3,1560195007.0,135.6608,34.999,4.2,1560216078.0,141.6243,38.4823,4.6,1560218348.0
1560335708.0,141.609,38.2653,4.2,1560387373.0,144.0896,41.041,4.8,1560515637.0,143.5954,42.1821,4.2,1560545687.0,131.9441,32.2318,4.4,1560574066.0,142.7391,39.0148,4.8,1560586823.0
1560726009.0,140.7375,36.5419,4.9,1560766141.0,146.6978,43.0091,4.5,1560810502.0,141.8992,31.6518,4.4,1560840069.0,137.8929,34.2893,4.1,1560864139.0,139.4769,38.6391,6.4,1560865282.0
1560870603.0,121.8972,21.1062,4.3,1560873444.0,139.418,38.5735,4.4,1560911758.0,131.068,31.8537,4.3,1560963348.0,140.2244,34.9906,4.7,1561014890.0,141.4827,42.4105,4.2,1561020428.0
1561053524.0,143.673,23.5497,4.8,1561062801.0,139.4527,38.5877,4.3,1561062993.0,143.6633,28.4415,4.5,1561091840.0,126.073,23.845,4.3,1561106279.0,141.1583,25.0186,4.2,1561118343.0
1561119481.0,142.6341,31.3025,4.2,1561140873.0,143.1611,21.5857,4.0,1561213380.0,142.731,30.0968,4.7,1561213826.0,148.7972,44.6696,4.6,1561237201.0,123.0283,23.6722,4.3,1561242159.0
1561335105.0,140.01,34.9288,5.2,1561371759.0,139.1864,34.9921,4.3,1561432659.0,142.8862,29.9511,4.5,1561433316.0,141.091,24.4285,4.1,1561502661.0,143.2618,22.6337,4.4,1561522634.0
1561559044.0,122.2585,24.9926,4.1,1561597743.0,142.7119,29.8861,4.5,1561616391.0,125.6782,38.8562,3.6,1561663786.0,142.2299,40.2287,4.4,1561696234.0,142.9675,29.9652,4.7,1561713600.0
1561791469.0,146.1035,42.7235,4.4,1561791767.0,143.9467,21.7079,4.2,1561802473.0,149.5857,45.2291,4.4,1561825205.0,122.1969,25.0378,4.3,1561834531.0,143.0059,21.6346,3.9,1561837452.0
1561857220.0,141.0611,36.3216,4.5,1561877626.0,142.3166,43.3096,4.5,1561941456.0,142.125,41.2155,5.2,1561943061.0,141.7148,38.2508,4.5,1561947787.0,140.7412,35.2167,4.0,1561994453.0
1562022058.0,139.9703,27.7012,4.0,1562025995.0,137.1946,33.6909,4.3,1562030353.0,148.1559,48.0585,4.0,1562116888.0,130.7577,28.9184,4.5,1562177193.0,146.0563,43.4204,4.5,1562194375.0
1562198687.0,140.0883,35.541,4.4,1562301636.0,140.1932,37.1637,4.3,1562325970.0,142.0776,37.2837,4.4,1562347254.0,125.1967,22.3342,4.3,1562439116.0,140.8326,35.5734,4.4,1562451003.0
1562504740.0,148.3315,44.6122,4.7,1562536847.0,142.0971,30.5972,4.5,1562538560.0,143.3216,30.2261,4.4,1562538632.0,143.1736,30.0583,4.3,1562594062.0,139.0997,35.5278,4.5,1562610934.0
1562616373.0,143.3533,30.2985,4.4,1562672011.0,144.9818,47.4425,5.5,1562768043.0,148.9419,44.6135,5.0,1562789955.0,142.0833,38.8489,4.5,1562828666.0,139.4263,38.5881,4.4,1562880117.0
1562979464.0,128.1534,29.3533,6.1,1563074651.0,129.9606,27.6163,4.5,1563108124.0,148.1946,44.6151,4.2,1563110597.0,143.4621,42.7508,4.4,1563121841.0,140.7784,35.5616,4.4,1563226512.0
1563228337.0,130.9379,42.0169,4.2,1563275550.0,122.4324,24.1893,4.0,1563282890.0,122.5512,23.7649,4.4,1563290743.0,141.527,37.2129,4.6,1563294362.0,141.8413,30.5551,4.8,1563339166.0
1563354020.0,141.6278,38.9947,4.8,1563424734.0,143.014,30.005,4.5,1563483355.0,142.7966,30.097,4.8,1563513582.0,140.1777,35.596,4.3,1563531229.0,122.0027,21.6694,4.5,1563594993.0
1563712712.0,149.8884,44.9942,4.5,1563717701.0,144.3681,42.2594,4.7,1563721848.0,141.9503,24.4467,4.4,1563743603.0,127.8652,26.6583,4.5,1563743754.0,127.7345,26.8103,4.4,1563745037.0
1563745513.0,120.6931,20.9864,4.7,1563746204.0,141.2797,25.7711,4.4,1563749200.0,142.9402,30.0734,4.8,1563768363.0,120.8637,20.9343,4.9,1563770662.0,120.9856,20.9516,4.5,1563774048.0
1563781910.0,141.1342,25.1038,4.5,1563817255.0,148.18,42.9506,4.6,1563828418.0,124.3633,25.2574,5.1,1563840609.0,140.6634,35.6148,4.4,1563841974.0,127.3006,26.859,4.4,1563849120.0
1563863288.0,140.2663,35.5323,4.4,1563887455.0,123.0492,20.3687,4.9,1563933438.0,144.4035,25.7787,4.6,1563979012.0,120.0465,21.0844,4.6,1564006462.0,140.6881,35.1339,5.0,1564022811.0
1564098976.0,128.6575,26.0714,4.5,1564123196.0,121.8603,24.7462,4.2,1564128828.0,121.947,20.7623,4.8,1564161110.0,131.8421,31.6807,4.6,1564172216.0,121.9193,20.7594,5.4,1564175431.0
1564184278.0,121.9744,20.8373,6.0,1564185537.0,121.9824,20.8179,4.5,1564186235.0,122.0344,20.8637,4.2,1564186557.0,121.9684,20.7621,4.5,1564190684.0,122.0083,20.754,5.7,1564196893.0
1564197581.0,122.0302,20.7141,4.6,1564222292.0,122.004,20.8183,5.1,1564245437.0,126.0315,23.8314,4.7,1564252267.0,137.3029,33.1492,6.3,1564284904.0,144.0384,21.6264,4.6,1564328100.0
1564336229.0,128.923,26.3556,4.9,1564407449.0,132.388,29.6695,4.8,1564422325.0,140.1833,27.1331,4.2,1564431303.0,145.0957,47.4612,4.2,1564432663.0,140.569,32.8383,5.8,1564458357.0
1564460027.0,143.0201,42.3537,4.4,1564469568.0,142.0818,42.5608,4.4,1564498932.0,141.0442,30.4021,4.1,1564499949.0,143.1276,30.1452,4.4,1564502012.0,139.1822,32.4213,4.1,1564514278.0
1564516316.0,142.9717,29.9944,4.5,1564540748.0,143.1025,21.5548,4.2,1564547537.0,141.5608,23.7685,4.5,1564589420.0,143.0871,21.5889,4.7,1564598936.0,138.3991,30.4536,4.4,1564600839.0
1564622112.0,142.7555,23.503,4.8,1564640985.0,121.8361,20.7427,4.2,1564648763.0,128.5125,25.8494,4.2,1564667542.0,147.6214,45.2405,4.8,1564701513.0,139.2719,29.9651,4.1,1564707925.0
1564712692.0,142.6619,30.211,4.5,1564753989.0,121.5439,23.7053,4.9,1564784683.0,121.6594,23.5966,4.6,1564855458.0,141.5937,39.6883,4.6,1564869036.0,121.8107,20.7648,4.1,1564883577.0
1564895540.0,143.2946,20.8678,4.2,1564914183.0,141.6031,37.7594,6.3,1564937656.0,145.5471,21.2551,4.1,1564938715.0,142.2221,39.6933,4.4,1564965132.0,129.3515,27.2686,4.6,1565030067.0
1565054389.0,121.5397,23.6921,4.8,1565055091.0,121.5504,23.6325,4.5,1565113246.0,143.79,47.7218,4.8,1565179846.0,141.2468,37.3458,4.5,1565213283.0,121.9301,24.4782,5.8,1565218942.0
1565290606.0,124.7805,25.6233,4.7,1565351122.0,144.9348,21.786,4.7,1565358025.0,143.918,21.95,4.2,1565371041.0,126.5582,26.3421,4.5,1565392732.0,121.7118,20.3458,4.1,1565426363.0
1565475159.0,121.5379,23.7403,3.9,1565591841.0,143.0553,45.8625,4.2,1565733770.0,142.4076,38.8225,4.5,1565847173.0,141.2441,40.8275,5.4,1565849169.0,141.1861,40.9181,4.7,1565860057.0
1565860503.0,143.8594,42.0872,4.8,1565867944.0,128.3574,27.4011,4.6,1565879435.0,127.5618,24.6538,4.4,1565918572.0,143.2549,39.3957,4.4,1565930269.0,140.8885,41.4078,4.3,1565932762.0
1565964138.0,131.0569,29.0864,4.2,1566053525.0,121.588,23.6901,4.6,1566080917.0,142.554,30.9286,5.0,1566081366.0,141.9667,22.5516,4.3,1566101115.0,121.5291,23.7219,4.9,1566122801.0
1566133333.0,143.6844,22.4105,4.7,1566289222.0,130.0335,27.9237,5.2,1566305542.0,130.8348,27.9741,5.4,1566317076.0,123.7721,22.7861,4.5,1566351331.0,125.2072,24.1569,4.5,1566358525.0
1566388596.0,142.6938,31.234,4.2,1566422658.0,139.9187,28.472,4.2,1566477598.0,139.3951,29.9578,4.1,1566520108.0,143.6449,21.9536,4.1,1566560974.0,140.088,35.2777,4.5,1566578371.0
1566581343.0,124.0455,25.3361,4.3,1566583521.0,141.8513,38.3909,4.5,1566583879.0,141.8735,37.2163,4.6,1566603891.0,124.7835,24.3144,5.0,1566622366.0,142.5014,37.3338,5.1,1566644435.0
1566648475.0,132.7283,30.6524,4.5,1566648617.0,122.4604,24.9559,4.2,1566672663.0,142.0232,41.4851,4.7,1566710052.0,139.0735,44.0277,4.1,1566767991.0,143.5692,21.4929,4.2,1566832411.0
1566845234.0,126.7468,27.0378,4.9,1566870346.0,147.5587,43.6471,4.4,1566878034.0,142.6688,25.7801,4.7,1566910921.0,140.215,28.1641,4.2,1566920713.0,145.8649,20.4831,4.9,1566995555.0
1567010616.0,142.6408,28.6809,4.6,1567016824.0,142.4699,25.9691,4.6,1567030154.0,129.5831,26.5894,4.2,1567032988.0,142.3887,31.9837,4.4,1567036000.0,142.9955,41.0682,5.9,1567110901.0
1567159601.0,143.4519,22.4059,4.5,1567173782.0,130.8474,29.3542,4.4,1567237818.0,121.7202,23.0237,4.8,1567240636.0,144.4737,21.1728,4.3,1567295164.0,122.2422,24.8187,4.5,1567364273.0
1567471651.0,121.5522,23.7523,4.3,1567514382.0,139.9826,32.754,4.6,1567536156.0,143.223,39.3941,4.6,1567539085.0,145.9716,47.8271,4.1,1567603998.0,122.4804,23.9478,4.4,1567612974.0
1567613894.0,144.6013,22.1564,4.6,1567635496.0,143.1454,26.157,4.5,1567645160.0,142.7543,27.8342,4.6,1567647309.0,141.4859,33.7885,4.0,1567651784.0,140.0195,41.3504,4.1,1567682156.0
1567711797.0,142.716,26.057,4.5,1567748656.0,140.8169,33.0497,4.3,1567776247.0,143.6915,36.8511,4.2,1567796685.0,142.51,41.9361,4.2,1567814966.0,143.9514,35.9216,4.4,1567848950.0
1567858593.0,142.6775,29.4824,4.3,1567865777.0,142.7482,27.8256,4.7,1567917270.0,143.3141,37.0419,4.6,1567920235.0,142.4578,29.1924,4.5,1567990740.0,139.9009,32.2335,4.5,1567992417.0
1568005667.0,121.5993,21.0127,4.8,1568095683.0,121.8377,23.9859,4.6,1568138680.0,139.366,29.4256,4.1,1568217942.0,130.4182,31.2495,4.4,1568220288.0,141.6656,37.7778,4.3,1568289594.0
1568289973.0,138.0325,30.4191,4.1,1568306156.0,140.3147,35.5209,4.0,1568358330.0,122.5701,23.9095,4.1,1568381249.0,143.7152,28.0695,4.2,1568429678.0,140.2413,35.5866,4.6,1568433437.0
1568516560.0,142.0202,39.3025,4.7,1568564830.0,141.9598,41.2468,4.7,1568582252.0,141.2763,30.0513,4.4,1568593772.0,143.0647,25.9378,5.1,1568637839.0,142.6474,39.4353,4.7,1568651263.0
1568726254.0,140.7818,33.1823,4.5,1568775268.0,148.0761,44.5509,5.0,1568820154.0,147.0807,44.4829,4.9,1568850568.0,140.7375,36.4379,4.5,1568853090.0,123.0319,24.8891,4.3,1568911003.0
1569045052.0,139.8954,41.6638,4.2,1569052255.0,142.8559,31.0416,4.4,1569063937.0,122.422,24.3511,4.0,1569109967.0,140.5468,31.2987,4.7,1569161727.0,141.2813,29.5329,4.6,1569203224.0
1569205988.0,142.0663,36.9496,4.5,1569248317.0,145.5453,20.0218,4.5,1569343694.0,122.2454,23.9049,4.5,1569400129.0,142.0371,39.3072,4.9,1569403774.0,141.7262,34.5449,4.8,1569413397.0
1569441935.0,142.6807,25.7654,4.5,1569463939.0,146.4918,42.8938,4.7,1569470233.0,146.6181,42.5528,4.4,1569493900.0,129.4193,26.1169,4.9,1569544866.0,131.1118,30.5305,4.5,1569555149.0
1569582662.0,142.1079,38.8586,4.6,1569637434.0,139.3922,28.9682,4.0,1569728898.0,144.4304,22.2881,4.8,1569772952.0,140.6042,36.5322,4.9,1569791555.0,138.6946,31.1551,3.9,1569863576.0
1569866168.0,136.3734,43.4467,5.0,1569896271.0,121.1649,22.7243,4.4,1569911334.0,142.9031,42.2458,4.5,1569911540.0,144.2336,22.7595,4.9,1569950134.0,138.0806,34.9168,4.4,1569952496.0
1569980594.0,144.4714,39.0662,4.8,1569991147.0,141.659,37.7771,4.5,1570014256.0,136.5384,43.419,4.4,1570028063.0,143.5536,39.855,4.4,1570028329.0,140.3065,32.1683,4.5,1570067035.0
1570074943.0,143.4784,39.8389,4.4,1570114974.0,140.5139,32.0809,4.4,1570186651.0,141.9384,36.2367,4.3,1570228695.0,127.8619,24.6708,3.9,1570303672.0,140.3626,32.0887,4.6,1570306699.0
1570307104.0,128.2622,27.8861,4.5,1570307541.0,128.1221,27.9673,4.9,1570320026.0,127.9151,27.9278,4.3,1570325984.0,142.6606,28.7054,4.5,1570328049.0,128.1791,27.7744,4.6,1570341795.0
1570354086.0,140.7518,35.1697,4.3,1570384845.0,141.7039,38.3276,4.4,1570396861.0,144.8799,20.5914,4.6,1570402951.0,132.269,33.8149,4.6,1570433107.0,142.2726,41.7617,4.5,1570467749.0
1570468626.0,122.3849,24.5759,4.4,1570500437.0,130.0485,26.5958,4.8,1570509969.0,138.3577,44.7099,4.3,1570564710.0,140.1115,35.7128,4.6,1570575900.0,142.455,40.8659,4.3,1570606289.0
1570607296.0,139.6389,35.6493,3.4,1570607860.0,121.6323,20.3995,4.7,1570611084.0,139.0085,30.0219,4.6,1570636363.0,142.096,41.5564,4.3,1570641515.0,137.3436,42.7168,4.1,1570642140.0
1570799654.0,139.4721,28.127,4.1,1570800111.0,143.2847,42.0088,4.4,1570872113.0,140.6235,34.7248,5.3,1570904703.0,140.509,26.1322,4.2,1570941301.0,133.9806,41.6253,4.1,1570960722.0
1570995357.0,147.7231,49.8266,4.3,1571062166.0,137.051,34.6114,4.3,1571094892.0,146.6684,44.628,5.3,1571133703.0,125.4742,24.919,4.8,1571154638.0,142.5395,30.5451,4.6,1571188026.0
1571251471.0,124.8945,24.612,4.2,1571312673.0,122.4814,24.0539,5.1,1571341858.0,141.7955,42.6578,4.5,1571404168.0,141.3468,24.056,4.8,1571426050.0,139.8613,28.1914,4.6,1571437537.0
1571476126.0,142.2055,38.6369,4.7,1571496405.0,143.0026,22.282,4.4,1571509181.0,142.3083,31.1521,4.5,1571537983.0,142.4975,40.8728,4.3,1571546572.0,142.3799,41.931,4.4,1571595111.0
1571612012.0,142.1823,38.5676,4.5,1571668462.0,137.9251,32.5215,4.1,1571678270.0,138.0189,33.2027,4.1,1571723489.0,145.4014,42.8931,4.3,1571728178.0,121.6601,20.1774,4.5,1571731563.0
1571766859.0,127.3245,24.3925,4.4,1571770139.0,143.164,23.2293,4.5,1571777658.0,141.2806,26.6475,4.8,1571802200.0,141.7643,39.7661,4.7,1571805814.0,123.5562,22.8251,4.6,1571819196.0
1571842955.0,142.5511,41.92,4.5,1571857794.0,123.4549,24.8318,4.7,1571865012.0,141.8226,33.5768,4.4,1571865171.0,141.7764,33.6746,4.2,1571888469.0,140.0498,28.0993,4.1,1572031418.0
1572070524.0,142.9308,28.1089,4.6,1572103933.0,148.0186,44.555,4.2,1572142567.0,146.6801,43.2382,4.3,1572216142.0,139.8613,34.4514,4.3,1572227948.0,143.0774,42.2815,4.6,1572261985.0
1572283187.0,149.8096,46.2053,4.4,1572321441.0,139.0269,29.9448,4.2,1572341983.0,146.6256,44.9066,4.1,1572401377.0,139.6575,35.9999,4.1,1572401559.0,142.3528,40.9874,4.4,1572408597.0
1572423247.0,130.9073,27.9484,4.5,1572450896.0,141.3895,30.2622,4.5,1572475210.0,126.3587,24.3742,4.4,1572487593.0,140.158,35.6826,4.6,1572510244.0,147.2244,43.8142,4.5,1572554549.0
1572622715.0,129.4834,28.1862,4.4,1572630338.0,140.1459,33.7852,4.3,1572636411.0,144.4174,22.2283,4.3,1572664001.0,140.7851,35.6656,4.5,1572702178.0,140.4399,35.9917,4.3,1572708820.0
1572709136.0,142.8553,27.5459,4.9,1572716368.0,140.1542,35.8812,4.6,1572722794.0,121.9711,24.3744,4.4,1572723435.0,139.8329,44.2161,4.0,1572745076.0,142.5086,36.5111,4.6,1572745628.0
1572757364.0,141.7503,37.3423,4.7,1572792945.0,139.9254,36.0062,4.6,1572805953.0,128.6744,26.0765,4.3,1572821800.0,140.5143,34.8005,4.6,1572878327.0,135.9307,33.598,4.1,1572882725.0
1572968487.0,143.1438,42.341,4.7,1572969901.0,142.174,23.3192,4.2,1572999256.0,135.2743,37.9811,4.1,1573006943.0,122.9491,25.1197,4.2,1573017352.0,141.86,30.4044,4.6,1573040996.0
1573046175.0,141.7867,38.3296,4.1,1573077792.0,142.654,40.994,4.8,1573078077.0,142.7628,36.4187,4.6,1573085512.0,142.2211,38.3175,4.2,1573093208.0,130.6917,29.2465,4.5,1573094126.0
1573101069.0,141.1547,35.4853,4.3,1573178475.0,140.7551,30.6082,4.5,1573197951.0,143.13,21.5168,4.9,1573204704.0,140.8363,36.6141,4.2,1573247021.0,147.0009,43.6003,4.8,1573248232.0
1573308304.0,144.845,21.5312,4.4,1573316747.0,137.3166,30.9491,4.4,1573324271.0,142.8938,21.7921,4.1,1573335084.0,142.7182,28.2856,4.4,1573382765.0,143.9904,40.2548,5.2,1573384328.0
1573420912.0,143.6786,22.5478,4.5,1573465811.0,140.3664,37.1847,4.4,1573491296.0,121.7492,20.8559,4.8,1573495892.0,121.9421,24.8461,4.0,1573563338.0,141.0367,36.4989,4.6,1573574834.0
1573619063.0,131.5449,42.1737,4.5,1573686878.0,140.5047,26.6131,4.6,1573701823.0,144.5474,39.1368,4.4,1573716631.0,142.6352,36.4588,4.6,1573731037.0,147.0601,21.9544,4.6,1573775491.0
1573778438.0,137.6999,32.8239,4.0,1573870566.0,142.1752,23.9236,4.6,1573872709.0,141.7119,34.038,4.9,1573895818.0,141.8523,38.3767,4.3,1573929159.0,130.2554,28.5665,4.8,1573988733.0
1574031601.0,140.7151,36.4852,4.4,1574143826.0,142.2784,29.2905,5.0,1574165024.0,129.9607,27.5394,4.6,1574227677.0,138.0578,32.2305,4.2,1574276563.0,146.9547,45.0223,4.8,1574353754.0
1574367829.0,139.8377,36.0637,4.7,1574370891.0,142.9482,22.7699,4.2,1574375518.0,137.2993,32.4876,4.9,1574387300.0,142.2688,29.2077,4.5,1574413508.0,131.9497,31.9093,5.1,1574438546.0
1574467936.0,149.481,46.1776,4.9,1574513886.0,147.0148,43.9932,5.2,1574643806.0,141.7725,33.0561,4.4,1574645561.0,121.7637,23.9993,5.0,1574646060.0,141.9323,37.9201,4.5,1574672077.0
1574718463.0,126.0888,26.238,4.6,1574748553.0,133.1553,33.9727,4.6,1574760548.0,141.9334,33.1073,4.7,1574886277.0,137.8821,33.3205,4.4,1574896567.0,141.8767,30.5361,4.4,1574926651.0
1574926875.0,145.3057,42.8178,4.9,1574938220.0,141.218,35.1168,4.3,1574944248.0,139.4646,35.6,4.5,1575000100.0,143.017,39.1619,5.4,1575039447.0,124.7815,24.8435,4.6,1575055404.0
1575209069.0,123.607,47.7381,4.3,1575209111.0,140.6792,28.7923,4.4,1575243369.0,146.9126,43.9154,4.4,1575259247.0,143.1259,36.5219,4.4,1575324654.0,142.6193,31.0447,4.4,1575327262.0
1575329119.0,141.8249,40.2972,4.6,1575335884.0,139.8658,36.1297,4.6,1575341920.0,143.1321,21.7028,4.5,1575346882.0,140.6839,31.5716,4.6,1575370922.0,140.1852,35.7692,4.4,1575390168.0
1575400609.0,142.5781,30.9731,4.6,1575408512.0,146.3052,43.0791,4.2,1575409013.0,142.6692,31.0137,4.3,1575415506.0,147.9386,43.3332,5.2,1575417311.0,129.4016,29.6177,4.1,1575423535.0
1575442335.0,138.7524,29.8635,4.0,1575448997.0,121.679,20.6422,4.4,1575450776.0,139.8183,36.1614,4.3,1575455706.0,139.7042,36.8347,4.7,1575456614.0,148.0259,43.3758,4.5,1575472012.0
1575475439.0,125.5947,24.9885,4.6,1575502710.0,140.5651,36.7306,4.1,1575509348.0,147.7715,43.3624,5.0,1575519460.0,147.8996,43.3766,4.7,1575521937.0,144.9171,43.1368,4.2,1575535763.0
1575552922.0,140.3048,36.8823,4.6,1575553523.0,147.6467,43.4384,4.6,1575556515.0,147.6512,43.3312,4.8,1575557521.0,147.83,43.5321,4.4,1575557651.0,131.3745,31.1177,4.9,1575579566.0
1575584155.0,147.7128,43.1789,4.3,1575586328.0,147.7906,43.3516,4.3,1575660752.0,122.6747,24.59,4.5,1575675154.0,149.3819,44.2249,4.4,1575677425.0,146.5743,43.199,4.6,1575681333.0
1575683567.0,142.819,22.956,4.3,1575689631.0,141.775,37.4621,4.7,1575705075.0,147.0005,43.2099,4.6,1575738428.0,147.8001,43.276,4.3,1575739326.0,140.8,32.4381,4.5,1575775373.0
1575789295.0,141.8703,36.1853,4.3,1575792617.0,121.3722,33.0725,4.2,1575817436.0,130.6856,31.3694,4.2,1575854401.0,147.5649,43.828,4.3,1575880880.0,140.5624,33.0631,4.7,1575951233.0
1575970801.0,142.1479,36.1555,4.3,1575971204.0,142.1252,36.1146,4.2,1575993761.0,143.2451,21.6325,4.1,1575997502.0,141.7195,30.7269,5.8,1575998941.0,141.7257,30.737,5.1,1575999046.0
1576003117.0,138.6226,30.253,4.5,1576015769.0,148.7276,42.7397,4.2,1576052239.0,141.5587,42.5355,4.3,1576057148.0,141.8258,37.7626,5.2,1576058359.0,127.4268,25.3847,4.3,1576065261.0
1576072183.0,137.8457,32.0181,4.3,1576080588.0,141.9308,45.1322,4.5,1576085301.0,146.5298,44.0947,4.2,1576090027.0,141.8792,30.5512,4.1,1576107515.0,141.9185,30.7484,4.9,1576121599.0
1576123051.0,143.012,31.1125,4.5,1576140241.0,142.2856,40.1521,4.1,1576170214.0,143.8621,26.6073,4.4,1576200720.0,122.568,24.8409,4.5,1576261444.0,139.5629,35.0095,4.6,1576262398.0
1576290045.0,122.5911,24.8956,4.4,1576368578.0,141.671,30.6821,4.2,1576384694.0,142.7942,45.8958,4.3,1576437230.0,140.833,35.1224,4.7,1576439916.0,141.8154,32.9607,4.6,1576446723.0
1576478322.0,137.4365,32.4287,4.3,1576495556.0,121.8014,24.4963,5.0,1576527402.0,143.0283,21.591,4.1,1576530245.0,142.5562,23.4608,4.5,1576605237.0,139.1043,29.8063,4.4,1576613130.0
1576613839.0,130.3154,31.2379,4.4,1576614367.0,121.0204,21.0288,4.5,1576625716.0,128.3476,27.3515,4.5,1576625721.0,128.3415,27.3464,5.1,1576660702.0,142.5807,23.3569,4.9,1576666099.0
1576670056.0,145.895,43.4684,4.6,1576715020.0,140.7844,36.2574,4.6,1576731321.0,142.7988,30.8701,4.7,1576732770.0,127.0492,23.8356,4.5,1576736493.0,142.066,40.5559,5.1,1576787321.0
1576834277.0,129.5442,28.2845,4.6,1576870852.0,142.6603,32.8613,5.2,1576875273.0,142.4768,32.9406,4.6,1576897219.0,142.2219,38.9246,4.6,1576920834.0,142.7221,30.9941,4.3,1576964599.0
1576989879.0,131.7451,31.5495,4.5,1576990604.0,142.1379,29.253,4.6,1577018024.0,140.8078,38.9934,4.6,1577025717.0,142.8244,25.606,4.4,1577044576.0,137.3998,30.5722,4.2,1577198214.0
1577264283.0,139.9304,31.4928,5.0,1577285781.0,146.384,48.151,4.0,1577319252.0,144.4295,38.2823,4.4,1577327450.0,143.3757,23.6428,4.5,1577331670.0,144.4596,38.3558,4.6,1577352400.0
1577413583.0,128.42,26.127,4.5,1577420520.0,143.6818,36.9318,4.4,1577423401.0,142.7105,37.9223,4.9,1577490116.0,123.4953,24.0667,4.1,1577535884.0,141.9457,37.6543,4.4,1577580731.0
1577583865.0,143.077,29.3405,4.9,1577643470.0,142.4116,30.586,4.3,1577665972.0,142.804,27.8144,4.9,1577679070.0,142.8218,27.8371,5.1,1577680351.0,142.0323,38.5443,4.4,1577686962.0
1577716616.0,136.98,33.8453,4.1,1577731416.0,142.4958,28.8759,4.9,1577769499.0,122.0696,20.7562,4.5,1577812214.0,142.4452,30.106,4.7,1577819410.0,121.6908,24.074,4.6,1577840934.0
1577841137.0,142.5714,41.8487,4.3,1577862045.0,143.8215,36.1566,4.3,1577864861.0,146.3212,44.6423,4.0,1577894480.0,142.137,24.5787,4.4,1577989433.0,141.249,35.8098,5.7,1578014349.0
1578017343.0,145.7843,42.8433,4.3,1578018734.0,123.7655,25.0623,4.5,1578107620.0,130.1369,26.7477,4.5,1578190222.0,143.095,22.8389,5.2,1578227150.0,133.1148,31.3217,4.8,1578237568.0
1578260358.0,140.2327,31.459,4.4,1578270048.0,130.5071,29.161,4.9,1578271478.0,130.3939,29.2357,4.3,1578272012.0,130.5473,29.1554,4.7,1578293636.0,120.2486,23.413,4.5,1578313040.0
1578313047.0,128.2153,28.024,4.7,1578341509.0,128.0888,27.9573,4.5,1578359815.0,139.9755,40.6103,4.4,1578373854.0,142.0751,30.8201,4.6,1578424919.0,139.9155,36.1253,4.4,1578441752.0
1578443464.0,131.8375,31.2896,4.5,1578452269.0,142.0191,37.1555,4.9,1578469788.0,138.643,30.2732,4.4,1578497097.0,142.9929,36.4981,4.5,1578503181.0,143.5779,38.8746,4.1,1578510401.0
1578536158.0,142.8033,27.827,4.9,1578537772.0,142.3635,27.7166,4.4,1578619072.0,126.6832,24.9536,4.3,1578651049.0,140.0204,27.6336,4.4,1578653951.0,124.4335,24.2926,4.7,1578721500.0
1578744688.0,141.2777,35.4728,4.1,1578758140.0,146.3929,43.4203,4.7,1578821133.0,141.2489,45.2693,4.2,1578891807.0,140.6671,26.1812,4.1,1578903972.0,122.5092,23.9153,4.4,1578945228.0
1578974997.0,141.5809,23.8288,4.5,1578975951.0,140.9381,36.1366,4.8,1579043938.0,140.6082,36.4393,4.1,1579086812.0,140.7466,31.9337,4.1,1579087894.0,145.2356,42.9468,5.0,1579167372.0
1579283626.0,142.1971,38.9463,4.4,1579292494.0,142.4772,40.3638,4.3,1579372933.0,121.8723,21.9562,4.2,1579404156.0,121.7659,22.0489,4.7,1579474397.0,135.925,42.0509,4.0,1579601874.0
1579629096.0,124.494,25.2658,4.5,1579635274.0,141.6886,39.8713,4.4,1579635312.0,124.6087,25.3755,4.6,1579670539.0,127.3329,27.8699,4.3,1579703562.0,122.7188,23.9462,4.6,1579730925.0
1579751461.0,144.8466,21.0715,5.0,1579755165.0,145.9261,20.4368,4.5,1579760560.0,142.4264,46.585,4.4,1579796476.0,141.3711,35.3595,4.2,1579837471.0,142.0169,37.0208,4.6,1579842817.0
1579872520.0,142.6561,32.1064,4.6,1579947611.0,126.05,26.4792,4.1,1579948642.0,144.1981,40.2587,4.4,1579950080.0,141.855,36.5122,4.7,1579974275.0,145.2255,42.4455,4.1,1579981244.0
1580145627.0,124.8142,26.1887,4.1,1580175363.0,145.911,43.5274,5.4,1580206430.0,141.8761,41.14,4.5,1580223587.0,141.8846,39.0144,4.3,1580254769.0,126.7734,27.1847,5.3,1580278445.0
1580293944.0,140.9488,35.6069,4.4,1580313173.0,127.9929,36.6882,3.5,1580348670.0,121.887,20.4647,4.2,1580354478.0,147.5018,44.0484,4.4,1580450980.0,122.0331,24.8037,4.6,1580459081.0
1580473589.0,142.4966,37.6977,4.2,1580487081.0,140.7281,35.6513,5.2,1580490466.0,140.0639,35.884,5.3,1580531859.0,148.6246,45.2966,4.2,1580532185.0,148.3916,44.9313,4.3,1580545302.0
1580624888.0,138.7864,35.5343,4.7,1580641879.0,130.0734,28.7324,4.7,1580658490.0,121.9389,24.8089,4.0,1580672112.0,140.3477,27.5885,4.5,1580713813.0,142.5502,40.8688,4.3,1580714358.0
1580748478.0,142.906,24.1551,4.5,1580749377.0,121.5276,23.5082,4.9,1580759644.0,145.5391,42.7919,4.0,1580773070.0,142.9893,27.2526,4.4,1580817791.0,144.2343,21.6826,4.5,1580852113.0
1580856450.0,146.6078,47.5282,4.4,1580864449.0,146.1061,43.3158,4.7,1580871052.0,142.4885,29.3724,4.5,1580930581.0,121.4611,20.0808,4.5,1580955856.0,142.64,28.4281,4.6,1580971452.0
1580987996.0,141.8024,36.2822,5.3,1581034360.0,125.2579,48.7584,4.5,1581076659.0,122.1705,24.2223,4.0,1581116096.0,149.3304,44.6773,4.2,1581131639.0,142.8228,39.2206,4.3,1581199118.0
1581202025.0,141.8212,36.2877,4.1,1581233774.0,140.5842,35.8349,4.0,1581261000.0,143.4436,22.4343,4.2,1581282512.0,131.1234,30.3971,4.3,1581329467.0,144.123,36.4145,4.8,1581346337.0
1581369104.0,139.5135,35.5343,3.2,1581444387.0,147.1346,44.0526,4.5,1581448472.0,140.2501,37.8694,4.5,1581503796.0,142.0219,42.7601,4.3,1581503838.0,141.3807,37.3216,5.2,1581566148.0
1581590024.0,148.959,45.6161,7.0,1581616159.0,122.1399,24.2326,4.6,1581629924.0,121.3181,22.4641,4.6,1581642820.0,142.776,28.4619,4.6,1581653605.0,142.7365,28.3824,4.5,1581661346.0
1581668287.0,140.7123,25.8928,4.4,1581702063.0,143.9981,26.775,4.5,1581746226.0,121.3312,20.1368,4.9,1581746904.0,136.8315,33.1848,4.0,1581764405.0,121.6166,23.838,5.3,1581764700.0
1581792767.0,144.9676,40.8796,4.5,1581794413.0,121.5967,23.7875,4.8,1581851892.0,142.6677,28.6382,5.0,1581910852.0,140.1472,35.8956,4.6,1581944093.0,142.6583,28.6016,5.3,1581997511.0
1581997532.0,131.13,30.5218,4.7,1582032686.0,142.6028,28.5699,4.4,1582087033.0,142.8455,21.9707,4.1,1582090065.0,121.5896,23.8332,4.5,1582113308.0,120.9951,23.9853,4.1,1582127433.0
1582159691.0,143.7101,26.9522,4.6,1582170789.0,140.4729,35.3338,4.5,1582194606.0,143.5252,27.0492,4.2,1582195813.0,143.0704,21.6871,4.1,1582201984.0,142.7387,28.452,4.5,1582220135.0
1582240439.0,140.3075,27.0308,4.3,1582252547.0,144.021,21.7663,4.3,1582361224.0,143.6732,27.0302,4.9,1582372044.0,137.9287,34.2485,4.1,1582404135.0,143.654,39.381,4.4,1582451334.0
1582452215.0,141.3439,33.685,4.7,1582462628.0,148.381,45.7216,4.9,1582464340.0,142.785,28.5128,5.1,1582466014.0,143.7164,26.9589,4.7,1582478959.0,140.6157,33.7852,4.4,1582546232.0
1582549926.0,140.202,27.1309,4.6,1582592414.0,122.2463,24.5265,4.3,1582601687.0,127.0806,25.0095,4.5,1582612787.0,143.2941,39.4197,4.7,1582629243.0,121.4522,24.3743,5.0,1582637989.0
1582642807.0,143.7073,25.4672,4.5,1582653538.0,141.9374,37.4571,4.2,1582676549.0,130.3393,31.1351,4.3,1582686432.0,125.2089,24.3401,4.4,1582695253.0,121.678,23.7975,4.8,1582740164.0
1582752948.0,143.6172,26.9538,4.4,1582866607.0,130.0648,26.8062,4.7,1582883950.0,143.5593,26.8596,4.5,1582885191.0,143.6265,26.8769,4.5,1582896888.0,143.6198,26.9113,4.5,1582921744.0
1582936047.0,148.4346,45.5799,4.1,1583021317.0,142.0157,37.2306,4.4,1583039072.0,143.8499,21.9586,4.7,1583110054.0,144.6548,39.35,4.8,1583158029.0,122.3568,20.853,4.3,1583189003.0
1583204383.0,140.939,37.171,4.3,1583205624.0,142.7325,42.098,4.2,1583208227.0,144.5997,20.89,4.3,1583208756.0,122.5163,24.0036,3.8,1583227874.0,131.0045,30.5148,4.8,1583228688.0
1583306744.0,141.1343,35.6985,4.0,1583325981.0,142.6483,28.6308,4.9,1583331313.0,122.0235,20.5648,4.5,1583363952.0,142.2702,23.4307,4.2,1583454301.0,143.1755,21.5801,4.2,1583522128.0
1583557328.0,147.8986,44.9842,4.7,1583582214.0,140.2108,35.8554,4.3,1583596071.0,142.623,28.3162,4.5,1583617157.0,140.0037,27.8914,4.1,1583695724.0,131.9925,33.3291,4.9,1583724853.0
1583737119.0,126.4732,23.5319,4.1,1583754961.0,139.6415,36.2335,4.4,1583763185.0,142.6689,24.9267,4.7,1583799214.0,142.0393,38.4076,4.3,1583822394.0,141.5858,31.8019,4.5,1583832575.0
1583867762.0,140.9308,25.4504,4.3,1583899469.0,140.5913,39.7282,4.5,1583903019.0,141.9805,38.3565,4.0,1584033526.0,136.878,37.2745,5.3,1584104801.0,139.5257,33.3101,4.7,1584172542.0
1584183928.0,142.8144,42.3423,4.1,1584237245.0,125.2056,26.145,4.4,1584240549.0,141.8443,37.2276,4.2,1584249388.0,126.5823,26.5347,4.5,1584268248.0,147.3332,44.4044,4.3,1584304107.0
1584358940.0,130.8069,33.3266,3.8,1584361413.0,137.4438,34.0482,4.1,1584431692.0,141.9151,38.1946,4.2,1584457832.0,138.3524,42.3191,5.0,1584549162.0,141.907,42.0706,4.3,1584622353.0
1584625154.0,139.4878,27.8699,4.1,1584625975.0,143.5362,20.7035,5.5,1584677478.0,122.1102,24.223,4.3,1584733659.0,131.2297,30.6338,4.3,1584736842.0,145.34,22.3911,4.5,1584750177.0
1584761874.0,142.07,41.5368,4.4,1584781391.0,141.3843,37.1433,4.5,1584927040.0,144.0567,22.8712,5.0,1584927492.0,144.0793,22.8987,4.8,1584928443.0,144.1424,22.9058,4.3,1584929309.0
1584935461.0,143.9389,23.0399,4.4,1584971848.0,128.7569,26.5038,4.9,1584986023.0,143.1861,21.781,4.3,1585003897.0,144.4947,22.9912,4.2,1585076646.0,140.2516,30.5203,4.8,1585103585.0
1585120544.0,147.2386,45.2784,4.2,1585158223.0,140.2907,30.418,4.3,1585172281.0,123.2569,24.4538,4.3,1585174702.0,142.3339,38.6159,4.1,1585201968.0,143.2352,22.6857,5.4,1585256519.0
1585286863.0,140.0144,27.665,4.1,1585348993.0,143.9418,22.9273,4.5,1585357071.0,142.3364,41.9481,4.9,1585434501.0,128.1744,24.7331,4.3,1585453139.0,124.106,24.1636,4.7,1585453187.0
1585521212.0,126.5223,23.5546,4.1,1585542098.0,143.0767,21.703,4.2,1585556110.0,140.3451,35.2601,3.9,1585583569.0,123.4477,23.9879,5.3,1585585595.0,141.5452,24.6043,4.2,1585605932.0
1585653840.0,141.1553,36.3855,4.9,1585672724.0,128.0121,24.741,4.5,1585684072.0,124.0401,24.109,4.4,1585684192.0,143.2507,37.8858,4.3,1585705356.0,140.6445,26.369,4.1,1585706001.0
1585715312.0,141.8142,32.3072,4.3,1585732306.0,124.2201,24.2047,4.5,1585791008.0,149.8001,45.4574,4.1,1585801708.0,141.1175,35.7991,4.2,1585818796.0,143.8454,40.6891,4.5,1585822113.0
1585858143.0,144.7696,20.6676,5.2,1585877051.0,144.12,40.6264,4.3,1585886528.0,144.0833,37.9004,4.4,1585972530.0,129.2729,28.6585,4.8,1586071448.0,123.6026,23.4969,4.7,1586158903.0
1586224032.0,140.5402,35.7711,4.4,1586236323.0,132.1008,32.5444,4.8,1586301299.0,128.0036,24.7214,4.5,1586304460.0,122.6502,24.302,4.2,1586325350.0,126.6535,26.6875,5.0,1586332733.0
1586342689.0,142.0128,39.7436,4.2,1586349130.0,140.5661,37.6187,4.5,1586389759.0,121.8597,24.2797,4.4,1586473102.0,141.4622,31.5881,4.1,1586514176.0,142.3391,41.939,4.5,1586522453.0
1586537096.0,122.1097,20.4677,5.9,1586550550.0,141.1991,35.5737,4.4,1586575159.0,142.67,28.1007,5.2,1586619887.0,140.0096,36.214,4.8,1586636793.0,142.6458,28.1012,4.7,1586691400.0
1586697111.0,141.9682,41.735,4.6,1586699262.0,147.4037,44.0229,4.3,1586701203.0,143.5377,21.7387,4.3,1586721905.0,147.2695,43.9567,4.2,1586809495.0,141.1424,25.2738,4.3,1586829730.0
1586832386.0,149.9906,45.3319,5.0,1586871261.0,142.3672,23.206,4.0,1586916065.0,122.0526,20.0079,5.1,1586922987.0,142.0998,28.1734,4.3,1586935144.0,128.9238,26.281,5.0,1586935684.0
1586970929.0,141.7894,39.9233,4.1,1587003481.0,141.2857,37.0392,4.6,1587027281.0,142.7619,23.9022,4.5,1587072149.0,128.5665,26.0062,5.3,1587072231.0,128.476,26.0784,5.0,1587101808.0
1587125462.0,136.708,35.3986,4.3,1587186448.0,128.0289,27.3931,4.2,1587198337.0,140.1349,27.1264,6.6,1587201858.0,140.0712,27.2034,5.7,1587265779.0,142.555,41.927,4.3,1587268924.0
1587296915.0,126.4008,25.6641,4.1,1587328745.0,142.0049,38.8953,6.3,1587339322.0,140.3734,31.6893,4.1,1587347376.0,142.0242,38.8417,4.4,1587357911.0,141.5646,31.9655,4.2,1587370294.0
1587373337.0,142.5285,40.7359,4.2,1587375766.0,142.7814,39.4981,4.2,1587382732.0,130.3759,31.1901,4.7,1587383485.0,142.9115,28.2602,4.5,1587554799.0,142.1853,38.4597,4.4,1587576071.0
1587580662.0,138.571,30.5765,4.4,1587604939.0,141.2757,37.0508,4.4,1587612410.0,140.7676,36.9175,4.3,1587617063.0,137.7785,36.1663,5.2,1587617523.0,137.7182,36.2272,4.4,1587617875.0
1587642426.0,137.0118,35.3964,3.7,1587645395.0,143.2033,42.9818,4.1,1587659880.0,140.5452,35.7559,4.4,1587663363.0,143.0309,21.6031,4.3,1587671546.0,141.9289,41.509,5.2,1587676788.0
1587776988.0,122.8139,23.6827,4.2,1587835233.0,126.2051,26.9315,4.4,1587835369.0,137.6713,36.2457,4.6,1587839316.0,126.4095,26.6835,4.5,1587840954.0,139.116,28.64,4.1,1587862150.0
1587909733.0,144.9447,42.1306,5.0,1587954738.0,137.6774,36.243,4.3,1587993840.0,141.942,36.7581,4.3,1588064916.0,148.6024,44.0811,4.3,1588069863.0,141.4231,37.4217,4.3,1588079730.0
1588127449.0,145.7266,20.9977,4.2,1588175181.0,142.2532,37.0298,4.2,1588176785.0,142.9616,35.0708,4.3,1588216521.0,142.7766,40.9219,5.2,1588393921.0,142.5357,41.9127,4.2,1588466106.0
1588476281.0,121.5859,23.2553,5.2,1588479612.0,148.6914,43.9302,4.4,1588483069.0,148.5071,43.9673,4.5,1588483653.0,147.9198,44.068,4.3,1588506864.0,128.8393,31.404,5.9,1588507272.0
1588561390.0,141.8704,31.0366,5.3,1588597668.0,140.8749,35.6865,5.6,1588599272.0,141.1859,36.3787,4.7,1588604383.0,145.479,43.1282,4.2,1588630556.0,126.271,24.0637,4.4,1588631289.0
1588665024.0,138.1223,32.1961,4.2,1588697828.0,140.0548,35.5589,5.1,1588709498.0,141.1656,24.8146,4.2,1588726885.0,145.9385,47.9549,4.0,1588727771.0,141.7648,37.4606,4.7,1588758693.0
1588861034.0,141.4799,30.0646,4.6,1588870094.0,142.3587,37.7305,4.1,1588898009.0,141.9969,31.0275,4.9,1588898362.0,142.0912,31.0493,4.5,1588898809.0,141.9572,31.0463,4.3,1588900970.0
1588908871.0,128.7283,31.3855,4.2,1588973723.0,141.6174,40.2721,4.5,1588987930.0,143.6587,42.2251,4.6,1589081716.0,149.1062,44.4973,4.4,1589146793.0,125.3745,23.557,4.3,1589155113.0
1589158665.0,141.938,31.0182,4.6,1589193905.0,127.036,38.7468,3.8,1589251473.0,145.5859,42.7922,4.5,1589288374.0,147.72,47.7209,4.8,1589319368.0,140.9684,30.003,4.3,1589330431.0
1589333313.0,137.6321,36.2687,4.4,1589344762.0,131.7221,31.9744,4.1,1589349388.0,139.0038,42.7419,5.0,1589375917.0,147.6239,44.7852,4.5,1589377583.0,145.0013,42.862,4.5,1589398229.0
1589405273.0,141.8619,30.959,4.5,1589409431.0,141.9201,30.8961,4.3,1589409666.0,139.4996,28.5391,4.3,1589492415.0,142.1266,38.7472,4.5,1589514688.0,122.5898,24.8514,4.3,1589548020.0
1589561316.0,142.0938,40.2432,4.4,1589578033.0,140.8969,36.3122,4.3,1589585214.0,139.2598,30.4403,4.4,1589715506.0,134.6928,33.6587,4.5,1589734307.0,143.1791,21.5152,4.0,1589756007.0
1589767981.0,140.1721,36.2738,4.5,1589770838.0,141.676,38.2166,5.0,1589821281.0,137.7052,36.2181,4.4,1589858233.0,141.2772,37.6158,5.1,1589861579.0,137.6865,36.2846,5.2,1589865812.0
1589874910.0,137.7124,36.2607,4.6,1589881547.0,129.5387,27.8621,4.9,1589905683.0,125.1086,24.1963,4.6,1589910785.0,121.2258,21.189,4.6,1589975127.0,141.1044,32.6978,4.5,1589977910.0
1590044822.0,144.8454,20.3436,4.1,1590058487.0,140.0701,27.3157,4.0,1590085452.0,146.4885,44.8357,4.0,1590087095.0,141.3848,24.4569,4.1,1590096259.0,143.6183,22.3574,4.2,1590145907.0
1590163183.0,142.3416,41.9846,4.1,1590175987.0,128.4927,27.2683,5.0,1590195817.0,125.6488,22.2416,4.2,1590219767.0,137.1798,33.6417,4.8,1590235958.0,121.2623,21.4841,4.4,1590296917.0
1590311534.0,122.5445,25.5916,4.1,1590312974.0,140.0975,31.3991,5.2,1590359489.0,122.0935,24.3263,4.7,1590435495.0,130.8906,30.2734,4.5,1590459509.0,140.0135,31.1261,4.6,1590463963.0
1590472678.0,141.5869,34.1313,5.0,1590483905.0,141.4812,34.1961,4.6,1590507316.0,126.619,26.8769,4.7,1590561122.0,141.5975,34.0997,4.7,1590571191.0,125.4106,24.8495,5.3,1590584155.0
1590587912.0,139.0124,35.3862,4.3,1590608405.0,140.3219,30.9337,4.3,1590668982.0,141.2217,36.6186,4.1,1590687966.0,142.4472,38.6824,4.6,1590694463.0,120.7461,23.6656,4.0,1590696087.0
1590709369.0,143.2851,43.0606,4.5,1590723788.0,149.6014,46.1401,4.9,1590746717.0,137.7537,36.2341,5.1,1590762077.0,148.9757,44.5839,4.3,1590843749.0,121.5759,24.0521,4.5,1590862428.0
1590914733.0,143.5695,22.4988,4.0,1590958931.0,140.3648,36.2034,5.2,1590977092.0,139.885,43.7089,4.0,1590990585.0,142.8647,22.4932,4.1,1591007466.0,140.2903,30.6466,4.9,1591010302.0
1591044565.0,141.701,34.0823,4.4,1591059599.0,141.5259,38.318,4.5,1591075431.0,139.0948,28.8749,4.0,1591080077.0,140.0772,35.4716,3.1,1591099353.0,140.1455,27.3937,4.0,1591099523.0
1591112475.0,144.5055,37.637,5.0,1591113777.0,126.3976,26.8814,4.4,1591116799.0,139.4709,34.3236,4.2,1591118040.0,142.7472,39.8747,4.2,1591201887.0,126.2929,26.8463,4.1,1591205332.0
1591216280.0,140.659,36.4761,4.9,1591251975.0,140.9164,27.8543,4.4,1591300432.0,141.1763,35.2178,4.4,1591300744.0,142.8861,28.07,4.1,1591307443.0,140.0369,40.9257,4.2,1591322904.0
1591397082.0,141.6134,42.9611,4.2,1591445152.0,126.4759,26.7486,4.2,1591451313.0,139.5106,35.4743,4.3,1591489593.0,140.7982,35.608,4.5,1591494563.0,121.66,24.0904,4.9,1591502753.0
1591626855.0,121.2256,22.4706,4.4,1591658578.0,123.5854,21.4925,4.0,1591669539.0,142.2256,37.1533,4.5,1591713860.0,145.7939,42.8605,4.5,1591715548.0,138.9415,43.5094,4.1,1591716159.0
1591716506.0,136.9398,35.2848,4.0,1591794243.0,138.4269,30.3415,4.2,1591839505.0,122.4319,24.5135,4.4,1591859382.0,147.3599,21.1874,4.4,1591895373.0,145.9564,43.1474,4.5,1591921293.0
1591961437.0,132.187,32.6312,4.6,1591967017.0,129.439,28.585,4.7,1591981595.0,123.3038,24.9086,4.2,1591983281.0,144.5165,42.2777,4.2,1591983722.0,142.5191,38.3451,4.4,1591989384.0
1592042504.0,141.5435,36.4315,4.2,1592045222.0,141.8364,36.2303,4.3,1592063484.0,128.2713,28.8591,6.6,1592070625.0,141.1572,30.5013,4.3,1592079539.0,122.4669,24.3098,5.4,1592096777.0
1592148073.0,144.9566,40.5261,4.3,1592151806.0,122.8529,24.4518,4.0,1592155718.0,123.2904,24.8865,4.6,1592158511.0,123.1948,24.8725,4.8,1592159862.0,123.2288,24.8163,4.6,1592162753.0
1592162780.0,123.2597,24.9047,5.1,1592168908.0,123.2064,24.8565,4.6,1592173570.0,123.2267,24.8493,4.7,1592178762.0,123.2018,24.7959,4.1,1592178953.0,123.2677,24.7641,4.5,1592183680.0
1592185343.0,123.064,24.8573,4.2,1592186144.0,123.4188,24.8895,4.4,1592188373.0,123.1895,24.8236,4.5,1592189346.0,123.2922,24.8131,4.4,1592190081.0,123.1988,24.8309,4.7,1592191374.0
1592191826.0,123.1574,24.9335,4.4,1592196818.0,123.1762,24.7999,4.4,1592200491.0,123.2793,24.8569,4.1,1592205896.0,123.2229,24.9686,4.6,1592212682.0,123.3157,24.8074,4.7,1592213865.0
1592218685.0,123.3317,24.8812,4.1,1592219012.0,123.0301,24.9475,4.5,1592221007.0,122.3605,24.5449,4.5,1592222913.0,123.3251,24.9356,4.4,1592227608.0,123.0426,24.6255,4.2,1592227858.0
1592228835.0,123.2684,24.8601,5.2,1592229781.0,123.2505,24.8308,4.5,1592229944.0,122.8374,24.9902,4.4,1592234679.0,123.2738,24.901,4.5,1592236038.0,123.1109,24.7796,4.7,1592240100.0
